name	set	smiles
(+)-camphor	teaching	CC12CCC(CC1=O)C2(C)C
(-)-menthol	teaching	CC1CCC(C(C)C)C(O)C1
(-)-nicotine	teaching	CN1CCCC1c1cccnc1
(12R)-12-hydroxyoctadecanoic acid	teaching	CCCCCC[C@@H](O)CCCCCCCCCCC(=O)O
(13C)methane	teaching	[13CH4]
(1E,5E,9E)-cyclododeca-1,5,9-triene	teaching	C1=C/CC/C=C/CC/C=C/CC/1
(1R)-1-phenylethanol	teaching	C[C@@H](O)c1ccccc1
(1R)-2,3-dihydro-1H-inden-1-ol	teaching	O[C@@H]1CCc2ccccc21
(1R,2R)-1,2-dichlorocyclohexane	teaching	Cl[C@@H]1CCCC[C@H]1Cl
(1R,2R)-1,2-dimethylcyclohexane	teaching	C[C@@H]1CCCC[C@H]1C
(1R,2R)-2-methylcyclohexan-1-ol	teaching	C[C@@H]1CCCC[C@H]1O
(1R,2R)-cyclohexane-1,2-diamine	teaching	N[C@@H]1CCCC[C@H]1N
(1R,2R)-cyclopropane-1,2-dicarboxylic acid	teaching	O=C(O)[C@@H]1C[C@H]1C(=O)O
(1R,2R,4R)-1,7,7-trimethylbicyclo[2.2.1]heptan-2-ol	teaching	CC1(C)[C@@H]2CC[C@@]1(C)[C@H](O)C2
(1R,2R,4S)-bicyclo[2.2.1]heptan-2-ol	teaching	O[C@@H]1C[C@H]2CC[C@@H]1C2
(1R,2S)-1,2-dibromo-1,2-diphenylethane	teaching	Br[C@H](c1ccccc1)[C@@H](Br)c1ccccc1
(1R,2S)-1-amino-2,3-dihydro-1H-inden-2-ol	teaching	N[C@@H]1c2ccccc2C[C@@H]1O
(1R,2S)-1-ethyl-2-methylcyclohexane	teaching	CC[C@@H]1CCCC[C@@H]1C
(1R,2S)-2-methylcyclohexan-1-ol	teaching	C[C@H]1CCCC[C@H]1O
(1R,2S)-cyclopropane-1,2-dicarboxylic acid	teaching	O=C(O)[C@H]1C[C@H]1C(=O)O
(1R,2S,4S)-bicyclo[2.2.1]heptan-2-ol	teaching	O[C@H]1C[C@H]2CC[C@@H]1C2
(1R,2S,5R)-2-isopropyl-5-methylcyclohexan-1-ol	teaching	CC(C)[C@@H]1CC[C@@H](C)C[C@H]1O
(1R,2S,5R)-2-isopropyl-5-methylcyclohexanol	teaching	CC(C)[C@@H]1CC[C@@H](C)C[C@H]1O
(1R,4aS,8aS)-1,4a-dimethyl-6-methylidene-2,3,4,5,7,8-hexahydro-1H-naphthalene	teaching	C=C1CC[C@H]2[C@H](C)CCC[C@@]2(C)C1
(1R,4R)-1,7,7-trimethylbicyclo[2.2.1]heptan-2-one	teaching	CC1(C)[C@@H]2CC[C@@]1(C)C(=O)C2
(1R,4S)-bicyclo[2.2.1]hept-2-ene	teaching	C1=C[C@H]2CC[C@@H]1C2
(1R,4S)-bicyclo[2.2.1]heptan-2-one	teaching	O=C1C[C@H]2CC[C@@H]1C2
(1R,5R)-2,6,6-trimethylbicyclo[3.1.1]hept-2-ene	teaching	CC1=CC[C@@H]2C[C@H]1C2(C)C
(1R,5R)-6,6-dimethyl-2-methylidenebicyclo[3.1.1]heptane	teaching	C=C1CC[C@@H]2C[C@H]1C2(C)C
(1S)-1-phenylethan-1-amine	teaching	C[C@H](N)c1ccccc1
(1S)-2,3-dihydro-1H-inden-1-amine	teaching	N[C@H]1CCc2ccccc21
(1S)-2-(tert-butylamino)-1-[4-hydroxy-3-(hydroxymethyl)phenyl]ethanol	teaching	CC(C)(C)NC[C@@H](O)c1ccc(O)c(CO)c1
(1S,2R,4S)-1,7,7-trimethylbicyclo[2.2.1]heptan-2-ol	teaching	CC1(C)[C@H]2CC[C@]1(C)[C@H](O)C2
(1S,2R,5S)-5-methyl-2-(propan-2-yl)cyclohexan-1-ol	teaching	CC(C)[C@H]1CC[C@H](C)C[C@@H]1O
(1S,2S)-1,2-dimethylcyclopentane	teaching	C[C@H]1CCC[C@@H]1C
(1S,2S)-cyclohexane-1,2-diamine	teaching	N[C@H]1CCCC[C@@H]1N
(1S,2S,3S,5R)-2,6,6-trimethylbicyclo[3.1.1]heptan-3-ol	teaching	C[C@@H]1[C@@H](O)C[C@H]2C[C@@H]1C2(C)C
(1S,2S,4S)-2-methylbicyclo[2.2.1]heptane	teaching	C[C@H]1C[C@@H]2CC[C@H]1C2
(1S,4R)-bicyclo[2.2.1]heptan-2-one	teaching	O=C1C[C@@H]2CC[C@H]1C2
(1S,4S)-1,7,7-trimethylbicyclo[2.2.1]heptan-2-one	teaching	CC1(C)[C@H]2CC[C@]1(C)C(=O)C2
(1S,5S)-2,6,6-trimethylbicyclo[3.1.1]hept-2-ene	teaching	CC1=CC[C@H]2C[C@@H]1C2(C)C
(1Z,5E,9E)-cyclododeca-1,5,9-triene	teaching	C1=C\CC/C=C/CC/C=C/CC/1
(2E)-2-butenal	teaching	C/C=C/C=O
(2E)-3,7-dimethylocta-2,6-dien-1-ol	teaching	CC(C)=CCC/C(C)=C/CO
(2E)-3,7-dimethylocta-2,6-dienal	teaching	CC(C)=CCC/C(C)=C/C=O
(2E)-but-2-en-1-ol	teaching	C/C=C/CO
(2E)-but-2-ene	teaching	C/C=C/C
(2E)-hexa-2,4-diene	teaching	CC=C/C=C/C
(2E,4E)-hexa-2,4-diene	teaching	C/C=C/C=C/C
(2E,4E)-hexa-2,4-dienoic acid	teaching	C/C=C/C=C/C(=O)O
(2E,4E,6E)-octa-2,4,6-triene	teaching	C/C=C/C=C/C=C/C
(2E,4E,6E,8E)-3,7-dimethyl-9-(2,6,6-trimethylcyclohexen-1-yl)nona-2,4,6,8-tetraen-1-ol	teaching	CC1=C(/C=C/C(C)=C/C=C/C(C)=C/CO)C(C)(C)CCC1
(2E,4E,6E,8E)-3,7-dimethyl-9-(2,6,6-trimethylcyclohexen-1-yl)nona-2,4,6,8-tetraenoic acid	teaching	CC1=C(/C=C/C(C)=C/C=C/C(C)=C/C(=O)O)C(C)(C)CCC1
(2E,4R)-4-methylhex-2-ene	teaching	C/C=C/[C@H](C)CC
(2E,4Z)-hexa-2,4-diene	teaching	C/C=C\C=C\C
(2E,4Z)-hexa-2,4-dienoic acid	teaching	C/C=C\C=C\C(=O)O
(2R)-1,2-dibromopropane	teaching	C[C@@H](Br)CBr
(2R)-2,3-dibromobutane	teaching	CC(Br)[C@@H](C)Br
(2R)-2,3-dihydroxypropanal	teaching	O=C[C@H](O)CO
(2R)-2,3-dihydroxypropyl (9Z)-octadec-9-enoate	teaching	CCCCCCCC/C=C\CCCCCCCC(=O)OC[C@H](O)CO
(2R)-2,5,7,8-tetramethyl-2-[(4R,8R)-4,8,12-trimethyltridecyl]-3,4-dihydrochromen-6-ol	teaching	Cc1c(C)c2c(c(C)c1O)CC[C@@](C)(CCC[C@H](C)CCC[C@H](C)CCCC(C)C)O2
(2R)-2-(methylsulfanyl)butane	teaching	CC[C@@H](C)SC
(2R)-2-[4-(2-methylpropyl)phenyl]propanoic acid	teaching	CC(C)Cc1ccc([C@@H](C)C(=O)O)cc1
(2R)-2-amino-3-sulfanylpropanoic acid	teaching	N[C@@H](CS)C(=O)O
(2R)-2-aminopropanoic acid	teaching	C[C@@H](N)C(=O)O
(2R)-2-bromobutane (2S)-2-bromobutane (2R)-butan-2-amine (2S)-butan-2-amine	teaching	CC[C@@H](C)Br.CC[C@@H](C)N.CC[C@H](C)Br.CC[C@H](C)N
(2R)-2-chlorobutane	teaching	CC[C@@H](C)Cl
(2R)-2-hydroxypropanenitrile	teaching	C[C@@H](O)C#N
(2R)-2-hydroxypropanoate	teaching	C[C@@H](O)C(=O)[O-]
(2R)-2-hydroxypropanoic acid	teaching	C[C@@H](O)C(=O)O
(2R)-2-methylbutanal	teaching	CC[C@@H](C)C=O
(2R)-2-methylmorpholine	teaching	C[C@@H]1CNCCO1
(2R)-2-methyloxirane	teaching	C[C@@H]1CO1
(2R)-2-methyloxolane	teaching	C[C@@H]1CCCO1
(2R)-2-methylpyrrolidine	teaching	C[C@@H]1CCCN1
(2R)-2-nitrobutane	teaching	CC[C@@H](C)[N+](=O)[O-]
(2R)-2-phenylpropanoic acid	teaching	C[C@@H](C(=O)O)c1ccccc1
(2R)-2-propylpiperidine	teaching	CCC[C@@H]1CCCCN1
(2R)-butan-2-amine	teaching	CC[C@@H](C)N
(2R)-butan-2-ol	teaching	CC[C@@H](C)O
(2R)-butan-2-ol (2S)-butan-2-ol (2R)-2-chlorobutane (2S)-2-chlorobutane	teaching	CC[C@@H](C)Cl.CC[C@@H](C)O.CC[C@H](C)Cl.CC[C@H](C)O
(2R)-butane-2-thiol	teaching	CC[C@@H](C)S
(2R)-pentan-2-ol	teaching	CCC[C@@H](C)O
(2R)-propane-1,2-diol	teaching	C[C@@H](O)CO
(2R,3R)-2,3,4-trihydroxybutanal	teaching	O=C[C@H](O)[C@H](O)CO
(2R,3R)-2,3-dibromobutane	teaching	C[C@@H](Br)[C@@H](C)Br
(2R,3R)-2,3-dihydroxybutanedial	teaching	O=C[C@H](O)[C@@H](O)C=O
(2R,3R)-2,3-dihydroxybutanedioic acid	teaching	O=C(O)[C@H](O)[C@@H](O)C(=O)O
(2R,3R)-2,3-dihydroxybutanedioic acid (2R,3S)-2,3-dihydroxybutanedioic acid	teaching	O=C(O)[C@@H](O)[C@@H](O)C(=O)O.O=C(O)[C@H](O)[C@@H](O)C(=O)O
(2R,3R)-2,3-dimethyloxirane	teaching	C[C@H]1O[C@@H]1C
(2R,3R)-butane-2,3-diol	teaching	C[C@@H](O)[C@@H](C)O
(2R,3R,4R,5R)-hexane-1,2,3,4,5,6-hexol	teaching	OC[C@@H](O)[C@@H](O)[C@H](O)[C@H](O)CO
(2R,3R,4S,5R)-2,3,4,5,6-pentahydroxyhexanal	teaching	O=C[C@H](O)[C@H](O)[C@@H](O)[C@H](O)CO
(2R,3R,4S,5R)-2-(6-aminopurin-9-yl)-5-(hydroxymethyl)oxolane-3,4-diol	teaching	Nc1ncnc2c1ncn2[C@@H]1O[C@H](CO)[C@@H](O)[C@H]1O
(2R,3R,4S,5R,6R)-2-(hydroxymethyl)-6-methoxyoxane-3,4,5-triol	teaching	CO[C@@H]1O[C@H](CO)[C@H](O)[C@H](O)[C@H]1O
(2R,3R,4S,5S)-hexane-1,2,3,4,5,6-hexol	teaching	OC[C@@H](O)[C@@H](O)[C@@H](O)[C@@H](O)CO
(2R,3R,4S,5S,6R)-2-[(2S,3S,4S,5R)-3,4-dihydroxy-2,5-bis(hydroxymethyl)oxolan-2-yl]oxy-6-(hydroxymethyl)oxane-3,4,5-triol	teaching	OC[C@H]1O[C@@](CO)(O[C@H]2O[C@H](CO)[C@@H](O)[C@H](O)[C@H]2O)[C@@H](O)[C@@H]1O
(2R,3R,4S,5S,6R)-6-(hydroxymethyl)oxane-2,3,4,5-tetrol	teaching	OC[C@H]1O[C@@H](O)[C@H](O)[C@@H](O)[C@@H]1O
(2R,3S)-2,3-dibromobutane	teaching	C[C@H](Br)[C@@H](C)Br
(2R,3S)-2,3-dihydroxybutanedioic acid	teaching	O=C(O)[C@@H](O)[C@@H](O)C(=O)O
(2R,3S)-2,3-dimethyloxirane	teaching	C[C@@H]1O[C@@H]1C
(2R,3S)-butane-2,3-diol	teaching	C[C@H](O)[C@@H](C)O
(2R,3S,4R)-2,3,4,5-tetrahydroxypentanal	teaching	O=C[C@H](O)[C@@H](O)[C@H](O)CO
(2R,3S,4R,5R)-2,3,4,5,6-pentahydroxyhexanoic acid	teaching	O=C(O)[C@H](O)[C@@H](O)[C@H](O)[C@H](O)CO
(2R,3S,4R,5R)-oxane-2,3,4,5-tetrol	teaching	O[C@H]1[C@H](O)[C@H](O)OC[C@H]1O
(2R,3S,4R,5R,6S)-2-(hydroxymethyl)-6-[(2R,3S,4R,5R,6R)-4,5,6-trihydroxy-2-(hydroxymethyl)oxan-3-yl]oxyoxane-3,4,5-triol	teaching	OC[C@H]1O[C@@H](O[C@H]2[C@H](O)[C@@H](O)[C@H](O)O[C@@H]2CO)[C@H](O)[C@H](O)[C@@H]1O
(2R,3S,4R,5S)-2,3,4,5,6-pentahydroxyhexanoic acid	teaching	O=C(O)[C@H](O)[C@@H](O)[C@H](O)[C@@H](O)CO
(2R,3S,4S,5R)-2,3,4,5,6-pentahydroxyhexanal	teaching	O=C[C@H](O)[C@@H](O)[C@@H](O)[C@H](O)CO
(2R,3S,4S,5R)-2-(hydroxymethyl)oxolane-3,4,5-triol	teaching	OC[C@H]1O[C@@H](O)[C@@H](O)[C@@H]1O
(2R,3S,4S,5R,6S)-6-(hydroxymethyl)oxane-2,3,4,5-tetrol	teaching	OC[C@@H]1O[C@@H](O)[C@@H](O)[C@@H](O)[C@H]1O
(2R,3S,5R)-5-(6-aminopurin-9-yl)-2-(hydroxymethyl)oxolan-3-ol	teaching	Nc1ncnc2c1ncn2[C@H]1C[C@H](O)[C@@H](CO)O1
(2R,5R)-2-methyl-5-(prop-1-en-2-yl)cyclohexan-1-one	teaching	C=C(C)[C@@H]1CC[C@@H](C)C(=O)C1
(2S)-1-[(2S)-2-methyl-3-sulfanylpropanoyl]pyrrolidine-2-carboxylic acid	teaching	C[C@H](CS)C(=O)N1CCC[C@H]1C(=O)O
(2S)-1-methyl-2-(pyridin-3-yl)pyrrolidine	teaching	CN1CCC[C@H]1c1cccnc1
(2S)-2,3-dihydroxypropanal	teaching	O=C[C@@H](O)CO
(2S)-2,3-dihydroxypropyl hexadecanoate	teaching	CCCCCCCCCCCCCCCC(=O)OC[C@@H](O)CO
(2S)-2,4-diamino-4-oxobutanoic acid	teaching	NC(=O)C[C@H](N)C(=O)O
(2S)-2,5-diamino-5-oxopentanoic acid	teaching	NC(=O)CC[C@H](N)C(=O)O
(2S)-2,6-diaminohexanoic acid	teaching	NCCCC[C@H](N)C(=O)O
(2S)-2-(6-methoxynaphthalen-2-yl)propanoic acid	teaching	COc1ccc2cc([C@H](C)C(=O)O)ccc2c1
(2S)-2-[4-(2-methylpropyl)phenyl]propanoic acid	teaching	CC(C)Cc1ccc([C@H](C)C(=O)O)cc1
(2S)-2-[[(2S)-2-aminopropanoyl]amino]propanoic acid	teaching	C[C@H](N)C(=O)N[C@@H](C)C(=O)O
(2S)-2-amino-3-(1H-imidazol-4-yl)propanoic acid	teaching	N[C@@H](Cc1c[nH]cn1)C(=O)O
(2S)-2-amino-3-(1H-indol-3-yl)propanoic acid	teaching	N[C@@H](Cc1c[nH]c2ccccc12)C(=O)O
(2S)-2-amino-3-(3,4-dihydroxyphenyl)propanoic acid	teaching	N[C@@H](Cc1ccc(O)c(O)c1)C(=O)O
(2S)-2-amino-3-(4-hydroxyphenyl)propanoic acid	teaching	N[C@@H](Cc1ccc(O)cc1)C(=O)O
(2S)-2-amino-3-[4-(4-hydroxy-3,5-diiodophenoxy)-3,5-diiodophenyl]propanoic acid	teaching	N[C@@H](Cc1cc(I)c(Oc2cc(I)c(O)c(I)c2)c(I)c1)C(=O)O
(2S)-2-amino-3-hydroxypropanoic acid	teaching	N[C@@H](CO)C(=O)O
(2S)-2-amino-3-methylbutanoic acid	teaching	CC(C)[C@H](N)C(=O)O
(2S)-2-amino-3-phenylpropanoic acid	teaching	N[C@@H](Cc1ccccc1)C(=O)O
(2S)-2-amino-3-selanylpropanoic acid	teaching	N[C@H](C[SeH])C(=O)O
(2S)-2-amino-4-(methylsulfanyl)butanoic acid	teaching	CSCC[C@H](N)C(=O)O
(2S)-2-amino-4-methylpentanoic acid	teaching	CC(C)C[C@H](N)C(=O)O
(2S)-2-amino-5-(diaminomethylideneamino)pentanoic acid	teaching	NC(N)=NCCC[C@H](N)C(=O)O
(2S)-2-aminobutanedioic acid	teaching	N[C@@H](CC(=O)O)C(=O)O
(2S)-2-aminopentanedioic acid	teaching	N[C@@H](CCC(=O)O)C(=O)O
(2S)-2-aminopropanamide	teaching	C[C@H](N)C(N)=O
(2S)-2-aminopropanoic acid	teaching	C[C@H](N)C(=O)O
(2S)-2-aminopropanoic acid (2R)-2-aminopropanoic acid	teaching	C[C@@H](N)C(=O)O.C[C@H](N)C(=O)O
(2S)-2-bromobutane	teaching	CC[C@H](C)Br
(2S)-2-hydroxybutanedioic acid	teaching	O=C(O)C[C@H](O)C(=O)O
(2S)-2-hydroxypropanoic acid	teaching	C[C@H](O)C(=O)O
(2S)-2-hydroxypropanoic acid (2R)-2-hydroxypropanoic acid	teaching	C[C@@H](O)C(=O)O.C[C@H](O)C(=O)O
(2S)-2-methylbutanal	teaching	CC[C@H](C)C=O
(2S)-2-methylcyclohexan-1-one	teaching	C[C@H]1CCCCC1=O
(2S)-2-methyloxirane	teaching	C[C@H]1CO1
(2S)-2-methylpiperidine	teaching	C[C@H]1CCCCN1
(2S)-2-propylpiperidine	teaching	CCC[C@H]1CCCCN1
(2S)-butan-2-amine	teaching	CC[C@H](C)N
(2S)-butan-2-ol	teaching	CC[C@H](C)O
(2S)-butan-2-yl acetate	teaching	CC[C@H](C)OC(C)=O
(2S)-N-methyl-1-phenylpropan-2-amine	teaching	CN[C@@H](C)Cc1ccccc1
(2S)-oxolan-2-ylmethanol	teaching	OC[C@@H]1CCCO1
(2S)-pyrrolidine-2-carboxylic acid	teaching	O=C(O)[C@@H]1CCCN1
(2S,3R)-2,3,4-trihydroxybutanal	teaching	O=C[C@@H](O)[C@H](O)CO
(2S,3R)-2-amino-3-hydroxybutanoic acid	teaching	C[C@@H](O)[C@H](N)C(=O)O
(2S,3R,4R,5R)-hexane-1,2,3,4,5,6-hexol	teaching	OC[C@@H](O)[C@@H](O)[C@H](O)[C@@H](O)CO
(2S,3R,4S,5R)-2,3,4,5,6-pentahydroxyhexanal	teaching	O=C[C@@H](O)[C@H](O)[C@@H](O)[C@H](O)CO
(2S,3R,4S,5S,6R)-6-(hydroxymethyl)oxane-2,3,4,5-tetrol	teaching	OC[C@H]1O[C@H](O)[C@H](O)[C@@H](O)[C@@H]1O
(2S,3S)-2,3-dibromobutane	teaching	C[C@H](Br)[C@H](C)Br
(2S,3S)-2,3-dihydroxybutanedioic acid	teaching	O=C(O)[C@@H](O)[C@H](O)C(=O)O
(2S,3S)-2-amino-3-methylpentanoic acid	teaching	CC[C@H](C)[C@H](N)C(=O)O
(2S,3S,4S,5R,6R)-6-[(2S,3R,4S,5S,6R)-4,5-dihydroxy-2-(hydroxymethyl)-6-methoxyoxan-3-yl]oxy-3,4,5-trihydroxyoxane-2-carboxylic acid	teaching	CO[C@@H]1O[C@@H](CO)[C@H](O[C@@H]2O[C@H](C(=O)O)[C@@H](O)[C@H](O)[C@H]2O)[C@@H](O)[C@@H]1O
(2S,4R)-4-hydroxypyrrolidine-2-carboxylic acid	teaching	O=C(O)[C@@H]1C[C@@H](O)CN1
(2S,5R)-2-methyl-5-(prop-1-en-2-yl)cyclohexan-1-one	teaching	C=C(C)[C@@H]1CC[C@H](C)C(=O)C1
(2S,5R,6R)-3,3-dimethyl-7-oxo-6-[(2-phenylacetyl)amino]-4-thia-1-azabicyclo[3.2.0]heptane-2-carboxylic acid	teaching	CC1(C)S[C@@H]2[C@H](NC(=O)Cc3ccccc3)C(=O)N2[C@H]1C(=O)O
(2Z)-3,7-dimethylocta-2,6-dien-1-ol	teaching	CC(C)=CCC/C(C)=C\CO
(2Z)-but-2-ene	teaching	C/C=C\C
(2Z,4Z)-hexa-2,4-diene	teaching	C/C=C\C=C/C
(3E)-4-methylhex-3-ene	teaching	CC/C=C(\C)CC
(3E)-penta-1,3-diene	teaching	C=C/C=C/C
(3R)-3,7-dimethyloct-6-en-1-ol	teaching	CC(C)=CCC[C@@H](C)CCO
(3R)-3,7-dimethylocta-1,6-dien-3-ol	teaching	C=C[C@](C)(O)CCC=C(C)C
(3R)-3-methylcyclohexan-1-one	teaching	C[C@@H]1CCCC(=O)C1
(3R)-3-methylhexane	teaching	CCC[C@H](C)CC
(3R)-3-methylpent-1-ene	teaching	C=C[C@H](C)CC
(3R)-3-methylpent-1-yne	teaching	C#C[C@H](C)CC
(3R)-3-methylpentan-2-one	teaching	CC[C@@H](C)C(C)=O
(3R)-4-amino-3-(4-chlorophenyl)butanoic acid	teaching	NC[C@H](CC(=O)O)c1ccc(Cl)cc1
(3R)-5-(1,2-dithiolan-3-yl)pentanoic acid	teaching	O=C(O)CCCC[C@@H]1CCSS1
(3R,5aS,6R,8aS,9R,12S,12aR)-3,6,9-trimethyloctahydro-3,12-epoxy-12H-pyrano[4,3-j]-1,2-benzodioxepin-10(3H)-one	teaching	C[C@@H]1CC[C@H]2[C@@H](C)C(=O)O[C@@H]3O[C@@]4(C)CC[C@@H]1[C@]32OO4
(3R,5R)-7-[2-(4-fluorophenyl)-3-phenyl-4-(phenylcarbamoyl)-5-propan-2-ylpyrrol-1-yl]-3,5-dihydroxyheptanoic acid	teaching	CC(C)c1c(C(=O)Nc2ccccc2)c(-c2ccccc2)c(-c2ccc(F)cc2)n1CC[C@@H](O)C[C@@H](O)CC(=O)O
(3S)-3,7-dimethylocta-1,6-dien-3-ol	teaching	C=C[C@@](C)(O)CCC=C(C)C
(3S)-3-(1,3-dioxoisoindol-2-yl)piperidine-2,6-dione	teaching	O=C1CC[C@H](N2C(=O)c3ccccc3C2=O)C(=O)N1
(3S)-3-(aminomethyl)-5-methylhexanoic acid	teaching	CC(C)C[C@H](CN)CC(=O)O
(3S)-3-methylhexane	teaching	CCC[C@@H](C)CC
(3S)-piperidin-3-ol	teaching	O[C@H]1CCCNC1
(3S,4E)-3-methylhex-4-ene	teaching	C/C=C/[C@@H](C)CC
(3S,4R,5R)-1,3,4,5,6-pentahydroxyhexan-2-one	teaching	O=C(CO)[C@@H](O)[C@H](O)[C@H](O)CO
(3S,8S,9S,10R,13R,14S,17R)-10,13-dimethyl-17-[(2R)-6-methylheptan-2-yl]-2,3,4,7,8,9,11,12,14,15,16,17-dodecahydro-1H-cyclopenta[a]phenanthren-3-ol	teaching	CC(C)CCC[C@@H](C)[C@H]1CC[C@H]2[C@@H]3CC=C4C[C@@H](O)CC[C@]4(C)[C@H]3CC[C@]12C
(4R)-1-methyl-4-(prop-1-en-2-yl)cyclohex-1-ene	teaching	C=C(C)[C@H]1CC=C(C)CC1
(4R)-4-ethyl-2-methylheptane	teaching	CCC[C@@H](CC)CC(C)C
(4R)-4-methyloxacyclohexadecan-2-one	teaching	C[C@@H]1CCCCCCCCCCCCOC(=O)C1
(4S)-4-methyloxacyclohexadecan-2-one	teaching	C[C@H]1CCCCCCCCCCCCOC(=O)C1
(4Z,7Z,10Z,13Z,16Z,19Z)-docosa-4,7,10,13,16,19-hexaenoic acid	teaching	CC/C=C\C/C=C\C/C=C\C/C=C\C/C=C\C/C=C\CCC(=O)O
(5R)-2-methyl-5-(prop-1-en-2-yl)cyclohex-2-en-1-one	teaching	C=C(C)[C@@H]1CC=C(C)C(=O)C1
(5R)-5-[(1S)-1,2-dihydroxyethyl]-3,4-dihydroxyfuran-2(5H)-one	teaching	O=C1O[C@H]([C@@H](O)CO)C(O)=C1O
(5R)-5-methyloxolan-2-one	teaching	C[C@@H]1CCC(=O)O1
(5S)-2-methyl-5-(prop-1-en-2-yl)cyclohex-2-en-1-one	teaching	C=C(C)[C@H]1CC=C(C)C(=O)C1
(5S)-5-methyloxolan-2-one	teaching	C[C@H]1CCC(=O)O1
(5S,6R,7E,9E,11Z,14Z)-5,6-dihydroxyicosa-7,9,11,14-tetraenoic acid	teaching	CCCCC/C=C\C\C=C/C=C/C=C/[C@@H](O)[C@@H](O)CCCC(=O)O
(5S,8R,9S,10S,13R,14S)-10,13-dimethyl-2,3,4,5,6,7,8,9,11,12,14,15,16,17-tetradecahydro-1H-cyclopenta[a]phenanthrene	teaching	C[C@]12CCC[C@H]1[C@H]1CC[C@@H]3CCCC[C@]3(C)[C@H]1CC2
(5Z,8Z,11Z,14Z)-icosa-5,8,11,14-tetraenoic acid	teaching	CCCCC/C=C\C/C=C\C/C=C\C/C=C\CCCC(=O)O
(5Z,8Z,11Z,14Z)-N-(2-hydroxyethyl)icosa-5,8,11,14-tetraenamide	teaching	CCCCC/C=C\C/C=C\C/C=C\C/C=C\CCCC(=O)NCCO
(5Z,8Z,11Z,14Z,17Z)-icosa-5,8,11,14,17-pentaenoic acid	teaching	CC/C=C\C/C=C\C/C=C\C/C=C\C/C=C\CCCC(=O)O
(6E,10E,14E,18E)-2,6,10,15,19,23-hexamethyltetracosa-2,6,10,14,18,22-hexaene	teaching	CC(C)=CCC/C(C)=C/CC/C(C)=C/CC/C=C(\C)CC/C=C(\C)CCC=C(C)C
(8R,9S,10R,13S,14S,17S)-17-hydroxy-10,13-dimethyl-1,2,6,7,8,9,11,12,14,15,16,17-dodecahydrocyclopenta[a]phenanthren-3-one	teaching	C[C@]12CC[C@H]3[C@@H](CCC4=CC(=O)CC[C@@]43C)[C@@H]1CC[C@@H]2O
(8R,9S,13S,14S,17S)-13-methyl-6,7,8,9,11,12,14,15,16,17-decahydrocyclopenta[a]phenanthrene-3,17-diol	teaching	C[C@]12CC[C@@H]3c4ccc(O)cc4CC[C@H]3[C@@H]1CC[C@@H]2O
(8S,9S,10R,11S,13S,14S,17R)-11,17-dihydroxy-17-(2-hydroxyacetyl)-10,13-dimethyl-1,2,6,7,8,9,11,12,14,15,16-undecahydrocyclopenta[a]phenanthren-3-one	teaching	C[C@]12CCC(=O)C=C1CC[C@@H]1[C@@H]2[C@@H](O)C[C@@]2(C)[C@H]1CC[C@]2(O)C(=O)CO
(9E)-octadec-9-enoic acid	teaching	CCCCCCCC/C=C/CCCCCCCC(=O)O
(9E,11E)-octadeca-9,11-dienoic acid	teaching	CCCCCC/C=C/C=C/CCCCCCCC(=O)O
(9R,10S)-9,10-dihydroxyoctadecanoic acid	teaching	CCCCCCCC[C@H](O)[C@H](O)CCCCCCCC(=O)O
(9Z)-octadec-9-enoic acid	teaching	CCCCCCCC/C=C\CCCCCCCC(=O)O
(9Z,12Z)-octadeca-9,12-dienoic acid	teaching	CCCCC/C=C\C/C=C\CCCCCCCC(=O)O
(9Z,12Z,15Z)-octadeca-9,12,15-trienoic acid	teaching	CC/C=C\C/C=C\C/C=C\CCCCCCCC(=O)O
(E)-1,2-dichloroethene	teaching	Cl/C=C/Cl
(E)-3-methylpent-2-ene	teaching	C/C=C(\C)CC
(E)-4-phenylbut-3-en-2-one	teaching	CC(=O)/C=C/c1ccccc1
(E)-but-2-ene (Z)-but-2-ene (E)-pent-2-ene (Z)-pent-2-ene	teaching	C/C=C/C.C/C=C/CC.C/C=C\C.C/C=C\CC
(E)-but-2-enedioic acid	teaching	O=C(O)/C=C/C(=O)O
(E)-but-2-enedioic acid (Z)-but-2-enedioic acid	teaching	O=C(O)/C=C/C(=O)O.O=C(O)/C=C\C(=O)O
(E)-but-2-enoic acid	teaching	C/C=C/C(=O)O
(E)-cyclooctene	teaching	C1=C/CCCCCC/1
(E)-hex-2-en-4-yne	teaching	CC#C/C=C/C
(E)-hex-3-ene (Z)-hex-3-ene (E)-1,2-dichloroethene (Z)-1,2-dichloroethene	teaching	CC/C=C/CC.CC/C=C\CC.Cl/C=C/Cl.Cl/C=C\Cl
(E)-pent-2-ene	teaching	C/C=C/CC
(E)-stilbene	teaching	C(=C\c1ccccc1)/c1ccccc1
(R)-1-deuterio-1-fluoroethane	teaching	[2H][C@H](C)F
(R)-1-deuterioethanol	teaching	[2H][C@H](C)O
(R)-1-phenylpropan-2-amine	teaching	C[C@@H](N)Cc1ccccc1
(R)-4-[1-hydroxy-2-(methylamino)ethyl]benzene-1,2-diol	teaching	CNC[C@H](O)c1ccc(O)c(O)c1
(R)-5-(1,2-dithiolan-3-yl)pentanoic acid	teaching	O=C(O)CCCC[C@@H]1CCSS1
(R)-[(2S,4S,5R)-5-ethenyl-1-azabicyclo[2.2.2]octan-2-yl]-(6-methoxyquinolin-4-yl)methanol	teaching	C=C[C@H]1CN2CC[C@H]1C[C@H]2[C@H](O)c1ccnc2ccc(OC)cc12
(R)-adrenaline	teaching	CNC[C@H](O)c1ccc(O)c(O)c1
(R)-bromochlorofluoromethane	teaching	F[C@H](Cl)Br
(R)-ethyl methyl sulfoxide	teaching	CC[S@@](C)=O
(R)-methyl phenyl sulfoxide	teaching	C[S@@](=O)c1ccccc1
(R)-nicotine	teaching	CN1CCC[C@@H]1c1cccnc1
(S)-(-)-nicotine	teaching	CN1CCC[C@H]1c1cccnc1
(S)-1-(isopropylamino)-3-(naphthalen-1-yloxy)propan-2-ol	teaching	CC(C)NC[C@H](O)COc1cccc2ccccc12
(S)-1-deuterioethanol	teaching	[2H][C@@H](C)O
(S)-1-phenylethanaminium chloride	teaching	C[C@H]([NH3+])c1ccccc1.[Cl-]
(S)-1-phenylpropan-2-amine	teaching	C[C@H](N)Cc1ccccc1
(S)-2-(2-chlorophenyl)-2-(methylamino)cyclohexan-1-one	teaching	CN[C@]1(c2ccccc2Cl)CCCCC1=O
(S)-2-amino-3-[4-(4-hydroxy-3,5-diiodophenoxy)-3,5-diiodophenyl]propanoic acid	teaching	N[C@@H](Cc1cc(I)c(Oc2cc(I)c(O)c(I)c2)c(I)c1)C(=O)O
(S)-bromochlorofluoromethane	teaching	F[C@@H](Cl)Br
(S)-dopa	teaching	N[C@@H](Cc1ccc(O)c(O)c1)C(=O)O
(S)-ethyl methyl sulfinate	teaching	CCO[S@@](C)=O
(S)-ethyl methyl sulfoxide	teaching	CC[S@](C)=O
(S)-ethyl(methyl)(propyl)(phenyl)phosphanium	teaching	CCC[P@+](C)(CC)c1ccccc1
(S)-ibuprofen	teaching	CC(C)Cc1ccc([C@H](C)C(=O)O)cc1
(S)-methyl 4-methylphenyl sulfoxide	teaching	Cc1ccc([S@](C)=O)cc1
(S)-methyl phenyl sulfoxide	teaching	C[S@](=O)c1ccccc1
(S)-nicotine	teaching	CN1CCC[C@H]1c1cccnc1
(Z)-1,2-dichloroethene	teaching	Cl/C=C\Cl
(Z)-1,2-diphenylethene	teaching	C(=C/c1ccccc1)/c1ccccc1
(Z)-1-chloroprop-1-ene	teaching	C/C=C\Cl
(Z)-but-2-enedioic acid	teaching	O=C(O)/C=C\C(=O)O
(Z)-cyclooctene	teaching	C1=C\CCCCCC/1
(Z)-hex-3-ene	teaching	CC/C=C\CC
1,1'-biphenyl-2,2'-diol	teaching	Oc1ccccc1-c1ccccc1O
1,1,1-trifluoroethane	teaching	CC(F)(F)F
1,10-phenanthroline	teaching	c1cnc2c(c1)ccc1cccnc12
1,2,3,4-tetrahydronaphthalene	teaching	c1ccc2c(c1)CCCC2
1,2,4-triazole	teaching	c1nc[nH]n1
1,2-dimethylbenzene	teaching	Cc1ccccc1C
1,2-dimethylbenzene 1,3-dimethylbenzene 1,4-dimethylbenzene ethylbenzene	teaching	CCc1ccccc1.Cc1ccc(C)cc1.Cc1cccc(C)c1.Cc1ccccc1C
1,2-dimethylcyclohexane	teaching	CC1CCCCC1C
1,3,3-trimethyl-2-oxabicyclo[2.2.2]octane	teaching	CC12CCC(CC1)C(C)(C)O2
1,3,5,7-tetraazatricyclo[3.3.1.1~3,7~]decane	teaching	C1N2CN3CN1CN(C2)C3
1,3,5-triazine	teaching	c1ncncn1
1,3,5-trimethylbenzene	teaching	Cc1cc(C)cc(C)c1
1,3,7-trimethylpurine-2,6-dione	teaching	Cn1c(=O)c2c(ncn2C)n(C)c1=O
1,3-dinitrobenzene	teaching	O=[N+]([O-])c1cccc([N+](=O)[O-])c1
1,3-dioxolane	teaching	C1COCO1
1,4-dioxane	teaching	C1COCCO1
1,4-dioxaspiro[4.5]decane	teaching	C1CCC2(CC1)OCCO2
1-[(2R,3R,4S,5R)-3,4-dihydroxy-5-(hydroxymethyl)oxolan-2-yl]pyrimidine-2,4-dione	teaching	O=c1ccn([C@@H]2O[C@H](CO)[C@@H](O)[C@H]2O)c(=O)[nH]1
1-[(2R,4S,5R)-4-hydroxy-5-(hydroxymethyl)oxolan-2-yl]-5-methylpyrimidine-2,4-dione	teaching	Cc1cn([C@H]2C[C@H](O)[C@@H](CO)O2)c(=O)[nH]c1=O
1-bromo-4-chlorobenzene	teaching	Clc1ccc(Br)cc1
1-chloro-2,2-dimethylpropane	teaching	CC(C)(C)CCl
1-chlorobutane 2-chlorobutane 1-bromobutane 2-bromobutane	teaching	CCC(C)Br.CCC(C)Cl.CCCCBr.CCCCCl
1-chloropropane 2-chloropropane 2-bromopropane 2-bromo-2-methylpropane	teaching	CC(C)(C)Br.CC(C)Br.CC(C)Cl.CCCCl
1-iodobutane 1,2-dichloroethane 1,1-dichloroethane 1,2-dibromoethane	teaching	BrCCBr.CC(Cl)Cl.CCCCI.ClCCCl
1H-pyrrole-2-carboxylic acid	teaching	O=C(O)c1ccc[nH]1
2,2'-bipyridine	teaching	c1ccc(-c2ccccn2)nc1
2,2,4-trimethylpentane	teaching	CC(C)CC(C)(C)C
2,3-dibromobutane	teaching	CC(Br)C(C)Br
2,4,6-trinitrotoluene	teaching	Cc1c([N+](=O)[O-])cc([N+](=O)[O-])cc1[N+](=O)[O-]
2-(diethylamino)-N-(2,6-dimethylphenyl)acetamide	teaching	CCN(CC)CC(=O)Nc1c(C)cccc1C
2-[2-[bis(carboxymethyl)amino]ethyl-(carboxymethyl)amino]acetic acid	teaching	O=C(O)CN(CCN(CC(=O)O)CC(=O)O)CC(=O)O
2-acetoxybenzoic acid	teaching	CC(=O)Oc1ccccc1C(=O)O
2-acetyloxybenzoic acid	teaching	CC(=O)Oc1ccccc1C(=O)O
2-acetyloxybenzoic acid 4-hydroxybenzoic acid	teaching	CC(=O)Oc1ccccc1C(=O)O.O=C(O)c1ccc(O)cc1
2-amino-2-(hydroxymethyl)propane-1,3-diol	teaching	NC(CO)(CO)CO
2-aminobenzoic acid 4-aminobenzoic acid	teaching	Nc1ccc(C(=O)O)cc1.Nc1ccccc1C(=O)O
2-aminoethanesulfonic acid	teaching	NCCS(=O)(=O)O
2-aminopyrimidine	teaching	Nc1ncccn1
2-butanol	teaching	CCC(C)O
2-hydroxybenzoic acid	teaching	O=C(O)c1ccccc1O
2-hydroxypropane-1,2,3-tricarboxylic acid	teaching	O=C(O)CC(O)(CC(=O)O)C(=O)O
2-hydroxypropanoic acid	teaching	CC(O)C(=O)O
2-hydroxypropanoic acid 2-hydroxybenzoic acid	teaching	CC(O)C(=O)O.O=C(O)c1ccccc1O
2-iodopropane	teaching	CC(C)I
2-methylbut-2-ene	teaching	CC=C(C)C
2-methylbut-2-ene 2-methylpropene 3-methylbut-1-ene buta-1,3-diene	teaching	C=C(C)C.C=CC(C)C.C=CC=C.CC=C(C)C
2-methylbuta-1,3-diene	teaching	C=CC(=C)C
2-methylcyclohexan-1-ol	teaching	CC1CCCCC1O
2-methylphenol 4-nitrophenol 2,4,6-trinitrophenol 2,4,6-trinitrotoluene	teaching	Cc1c([N+](=O)[O-])cc([N+](=O)[O-])cc1[N+](=O)[O-].Cc1ccccc1O.O=[N+]([O-])c1cc([N+](=O)[O-])c(O)c([N+](=O)[O-])c1.O=[N+]([O-])c1ccc(O)cc1
2-methylpropan-2-ol	teaching	CC(C)(C)O
2-methylpropane 2-methylbutane 2,2-dimethylpropane 2-methylpentane	teaching	CC(C)(C)C.CC(C)C.CCC(C)C.CCCC(C)C
2-methylpyridine	teaching	Cc1ccccn1
3-(diaminomethylidene)-1,1-dimethylguanidine	teaching	CN(C)C(=N)N=C(N)N
3-ethyl-2-methylhexane	teaching	CCCC(CC)C(C)C
3-methylpentane 2,3-dimethylbutane 2,2,4-trimethylpentane 3-ethylpentane	teaching	CC(C)C(C)C.CC(C)CC(C)(C)C.CCC(C)CC.CCC(CC)CC
4-aminobutanoic acid	teaching	NCCCC(=O)O
4-hydroxy-3-[(1S)-3-oxo-1-phenylbutyl]chromen-2-one	teaching	CC(=O)C[C@@H](c1ccccc1)c1c(O)c2ccccc2oc1=O
4-methylbenzenesulfonyl chloride	teaching	Cc1ccc(S(=O)(=O)Cl)cc1
4-methylphenol	teaching	Cc1ccc(O)cc1
4-nitrotoluene	teaching	Cc1ccc([N+](=O)[O-])cc1
5-methylpyrimidine-2,4(1H,3H)-dione	teaching	Cc1c[nH]c(=O)[nH]c1=O
5alpha-androstane	teaching	C[C@@]12CCC[C@H]1[C@@H]1CC[C@H]3CCCC[C@]3(C)[C@H]1CC2
7-chloro-1-methyl-5-phenyl-3H-1,4-benzodiazepin-2-one	teaching	CN1C(=O)CN=C(c2ccccc2)c2cc(Cl)ccc21
9H-fluorene	teaching	c1ccc2c(c1)Cc1ccccc1-2
9H-purin-6-amine	teaching	Nc1ncnc2[nH]cnc12
[18]annulene	teaching	c1ccccccccccccccccc1
acetamide acetic anhydride	teaching	CC(=O)OC(C)=O.CC(N)=O
acetate	teaching	CC(=O)[O-]
acetic acid	teaching	CC(=O)O
acetic acid formic acid	teaching	CC(=O)O.O=CO
acetone acetaldehyde formaldehyde acetonitrile	teaching	C=O.CC#N.CC(C)=O.CC=O
acetophenone	teaching	CC(=O)c1ccccc1
acetyl chloride	teaching	CC(=O)Cl
acridine	teaching	c1ccc2nc3ccccc3cc2c1
adamantane	teaching	C1C2CC3CC1CC(C2)C3
adenine	teaching	Nc1ncnc2nc[nH]c12
adenosine	teaching	Nc1ncnc2c1ncn2[C@@H]1O[C@H](CO)[C@@H](O)[C@H]1O
adenosine thymidine	teaching	Cc1cn([C@H]2C[C@H](O)[C@@H](CO)O2)c(=O)[nH]c1=O.Nc1ncnc2c1ncn2[C@@H]1O[C@H](CO)[C@@H](O)[C@H]1O
adipic acid stearic acid	teaching	CCCCCCCCCCCCCCCCCC(=O)O.O=C(O)CCCCC(=O)O
alanine	teaching	C[C@H](N)C(=O)O
aminoacetic acid	teaching	NCC(=O)O
ammonia	teaching	N
aniline	teaching	Nc1ccccc1
anthracene	teaching	c1ccc2cc3ccccc3cc2c1
azepan-2-one	teaching	O=C1CCCCCN1
azetidine	teaching	C1CNC1
azidomethane	teaching	CN=[N+]=[N-]
aziridine	teaching	C1CN1
benzaldehyde	teaching	O=Cc1ccccc1
benzaldehyde propanone butanone pentan-2-one	teaching	CC(C)=O.CCC(C)=O.CCCC(C)=O.O=Cc1ccccc1
benzamide	teaching	NC(=O)c1ccccc1
benzene	teaching	c1ccccc1
benzene-1,2-diol	teaching	Oc1ccccc1O
benzene-1,2-diol benzene-1,3-diol benzene-1,4-diol 4-methylphenol	teaching	Cc1ccc(O)cc1.Oc1ccc(O)cc1.Oc1cccc(O)c1.Oc1ccccc1O
benzenesulfonic acid	teaching	O=S(=O)(O)c1ccccc1
benzimidazole	teaching	c1ccc2[nH]cnc2c1
benzofuran	teaching	c1ccc2occc2c1
benzoic acid	teaching	O=C(O)c1ccccc1
benzoic acid ethanedioic acid	teaching	O=C(O)C(=O)O.O=C(O)c1ccccc1
benzonitrile	teaching	N#Cc1ccccc1
benzophenone	teaching	O=C(c1ccccc1)c1ccccc1
benzothiophene	teaching	c1ccc2sccc2c1
benzoyl chloride	teaching	O=C(Cl)c1ccccc1
benzoyl chloride ethanoyl chloride	teaching	CC(=O)Cl.O=C(Cl)c1ccccc1
benzyl alcohol	teaching	OCc1ccccc1
benzyl chloride benzyl bromide	teaching	BrCc1ccccc1.ClCc1ccccc1
bicyclo[1.1.1]pentane	teaching	C1C2CC1C2
bicyclo[2.2.1]hept-2-ene	teaching	C1=CC2CCC1C2
bicyclo[2.2.1]heptane	teaching	C1CC2CCC1C2
bicyclo[2.2.2]octane	teaching	C1CC2CCC1CC2
bicyclo[3.3.1]nonane	teaching	C1CC2CCCC(C1)C2
bicyclo[4.4.0]decane	teaching	C1CCC2CCCCC2C1
biotin	teaching	O=C(O)CCCC[C@@H]1SC[C@@H]2NC(=O)N[C@@H]21
biphenyl	teaching	c1ccc(-c2ccccc2)cc1
borane	teaching	B
bromoethane	teaching	CCBr
but-1-ene	teaching	C=CCC
but-2-ene	teaching	CC=CC
but-2-yne	teaching	CC#CC
buta-1,3-diene	teaching	C=CC=C
butan-1-amine N-methylmethanamine N,N-dimethylmethanamine aniline	teaching	CCCCN.CN(C)C.CNC.Nc1ccccc1
butan-1-ol butan-2-ol 2-methylpropan-2-ol pentan-1-ol	teaching	CC(C)(C)O.CCC(C)O.CCCCCO.CCCCO
butan-2-ol	teaching	CCC(C)O
butan-2-one	teaching	CCC(C)=O
butanedioic acid	teaching	O=C(O)CCC(=O)O
butanoic acid	teaching	CCCC(=O)O
caffeine	teaching	Cn1c(=O)c2c(ncn2C)n(C)c1=O
carbazole	teaching	c1ccc2c(c1)[nH]c1ccccc12
carbon dioxide	teaching	O=C=O
chlorobenzene	teaching	Clc1ccccc1
chlorobenzene bromobenzene nitrobenzene toluene	teaching	Brc1ccccc1.Cc1ccccc1.Clc1ccccc1.O=[N+]([O-])c1ccccc1
chloromethane	teaching	CCl
chloromethane bromomethane iodomethane dichloromethane	teaching	CBr.CCl.CI.ClCCl
chlorotrimethylsilane	teaching	C[Si](C)(C)Cl
cholesterol	teaching	CC(C)CCC[C@@H](C)[C@H]1CC[C@H]2[C@@H]3CC=C4C[C@@H](O)CC[C@]4(C)[C@H]3CC[C@]12C
cholesterol caffeine nicotine adenine	teaching	CC(C)CCC[C@@H](C)[C@H]1CC[C@H]2[C@@H]3CC=C4C[C@@H](O)CC[C@]4(C)[C@H]3CC[C@]12C.CN1CCCC1c1cccnc1.Cn1c(=O)c2c(ncn2C)n(C)c1=O.Nc1ncnc2nc[nH]c12
cis-1,2-dimethylcyclohexane	teaching	C[C@@H]1CCCC[C@@H]1C
cis-1,3-dimethylcyclohexane	teaching	C[C@@H]1CCC[C@H](C)C1
cis-1,4-dimethylcyclohexane	teaching	C[C@H]1CC[C@@H](C)CC1
cis-cyclobutane-1,3-diol	teaching	O[C@H]1C[C@@H](O)C1
cis-decahydronaphthalene	teaching	C1CC[C@H]2CCCC[C@H]2C1
codeine	teaching	COc1ccc2c3c1O[C@H]1[C@@H](O)C=C[C@H]4[C@@H](C2)N(C)CC[C@@]341
coronene	teaching	c1cc2ccc3ccc4ccc5ccc6ccc1c1c2c3c4c5c61
cubane	teaching	C12C3C4C1C1C2C3C41
cyanide	teaching	[C-]#N
cyclobutane-1,1-dicarboxylic acid	teaching	O=C(O)C1(C(=O)O)CCC1
cyclododeca-1,5,9-triene	teaching	C1=CCCC=CCCC=CCC1
cyclododecane	teaching	C1CCCCCCCCCCC1
cycloheptane cyclooctane cyclohexene cyclopentene	teaching	C1=CCCC1.C1=CCCCC1.C1CCCCCC1.C1CCCCCCC1
cyclohex-2-en-1-one	teaching	O=C1C=CCCC1
cyclohexanamine	teaching	NC1CCCCC1
cyclohexane	teaching	C1CCCCC1
cyclohexanol	teaching	OC1CCCCC1
cyclohexanone	teaching	O=C1CCCCC1
cyclohexene	teaching	C1=CCCCC1
cyclooctatetraene	teaching	C1=CC=CC=CC=C1
cyclopropane	teaching	C1CC1
cyclopropane cyclobutane cyclopentane cyclohexane	teaching	C1CC1.C1CCC1.C1CCCC1.C1CCCCC1
cytosine	teaching	Nc1cc[nH]c(=O)n1
D-alanine	teaching	C[C@@H](N)C(=O)O
D-fructose	teaching	O=C(CO)[C@@H](O)[C@H](O)[C@H](O)CO
D-glucose	teaching	O=C[C@H](O)[C@@H](O)[C@H](O)[C@H](O)CO
D-glucose D-fructose D-galactose D-mannose	teaching	O=C(CO)[C@@H](O)[C@H](O)[C@H](O)CO.O=C[C@@H](O)[C@@H](O)[C@H](O)[C@H](O)CO.O=C[C@H](O)[C@@H](O)[C@@H](O)[C@H](O)CO.O=C[C@H](O)[C@@H](O)[C@H](O)[C@H](O)CO
D-glyceraldehyde	teaching	O=C[C@H](O)CO
D-ribose D-xylose L-arabinose	teaching	O=C[C@H](O)[C@@H](O)[C@@H](O)CO.O=C[C@H](O)[C@@H](O)[C@H](O)CO.O=C[C@H](O)[C@H](O)[C@H](O)CO
D-xylose	teaching	O=C[C@H](O)[C@@H](O)[C@H](O)CO
decahydronaphthalene	teaching	C1CCC2CCCCC2C1
deuteriomethane	teaching	[2H]C
dichloromethane	teaching	ClCCl
diethyl (2R,3R)-2,3-dihydroxybutanedioate	teaching	CCOC(=O)[C@H](O)[C@@H](O)C(=O)OCC
diethyl ether tetrahydrofuran dimethylformamide	teaching	C1CCOC1.CCOCC.CN(C)C=O
dimethyl ether	teaching	COC
dimethyl methylphosphonate	teaching	COP(C)(=O)OC
dimethyl sulfide	teaching	CSC
dimethyl sulfone	teaching	CS(C)(=O)=O
dimethyl sulfoxide	teaching	CS(C)=O
diphenylethyne	teaching	C(#Cc1ccccc1)c1ccccc1
ethanal	teaching	CC=O
ethanamide	teaching	CC(N)=O
ethanamide propanamide benzamide N-methylethanamide	teaching	CC(N)=O.CCC(N)=O.CNC(C)=O.NC(=O)c1ccccc1
ethane-1,2-diamine	teaching	NCCN
ethane-1,2-diol	teaching	OCCO
ethane-1,2-diol propane-1,2,3-triol cyclohexanol phenol	teaching	OC1CCCCC1.OCC(O)CO.OCCO.Oc1ccccc1
ethanedioic acid	teaching	O=C(O)C(=O)O
ethanenitrile	teaching	CC#N
ethanenitrile propanenitrile benzonitrile	teaching	CC#N.CCC#N.N#Cc1ccccc1
ethanethiol	teaching	CCS
ethanoic acid	teaching	CC(=O)O
ethanoic anhydride	teaching	CC(=O)OC(C)=O
ethanol	teaching	CCO
ethanoyl chloride	teaching	CC(=O)Cl
ethene	teaching	C=C
ethene propene but-1-ene but-2-ene	teaching	C=C.C=CC.C=CCC.CC=CC
ethoxyethane	teaching	CCOCC
ethyl (3R,4R,5S)-4-acetamido-5-amino-3-(pentan-3-yloxy)cyclohex-1-ene-1-carboxylate	teaching	CCOC(=O)C1=C[C@@H](OC(CC)CC)[C@H](NC(C)=O)[C@@H](N)C1
ethyl acetate	teaching	CCOC(C)=O
ethyl benzoate	teaching	CCOC(=O)c1ccccc1
ethyl butanoate	teaching	CCCC(=O)OCC
ethyl ethanoate propyl ethanoate	teaching	CCCOC(C)=O.CCOC(C)=O
ethyl propanoate methyl benzoate	teaching	CCOC(=O)CC.COC(=O)c1ccccc1
ethylene propylene isoprene isobutane	teaching	C=C.C=CC.C=CC(=C)C.CC(C)C
ethylenediaminetetraacetic acid	teaching	O=C(O)CN(CCN(CC(=O)O)CC(=O)O)CC(=O)O
ethyne	teaching	C#C
ethyne propyne but-1-yne but-2-yne	teaching	C#C.C#CC.C#CCC.CC#CC
folic acid	teaching	Nc1nc2ncc(CNc3ccc(C(=O)N[C@@H](CCC(=O)O)C(=O)O)cc3)nc2c(=O)[nH]1
furan	teaching	c1ccoc1
glycerol ethylene glycol	teaching	OCC(O)CO.OCCO
glycine	teaching	NCC(=O)O
glycine L-alanine L-valine L-leucine	teaching	CC(C)C[C@H](N)C(=O)O.CC(C)[C@H](N)C(=O)O.C[C@H](N)C(=O)O.NCC(=O)O
glycyl-L-alanyl-L-serine	teaching	C[C@H](NC(=O)CN)C(=O)N[C@@H](CO)C(=O)O
glycylglycine	teaching	NCC(=O)NCC(=O)O
guanine	teaching	Nc1nc2nc[nH]c2c(=O)[nH]1
guanine cytosine thymine uracil	teaching	Cc1c[nH]c(=O)[nH]c1=O.Nc1cc[nH]c(=O)n1.Nc1nc2nc[nH]c2c(=O)[nH]1.O=c1cc[nH]c(=O)[nH]1
heptanal octanal	teaching	CCCCCCC=O.CCCCCCCC=O
hex-1-en-5-yne	teaching	C#CCCC=C
hexa-2,4-dienoic acid	teaching	CC=CC=CC(=O)O
hexacosane	teaching	CCCCCCCCCCCCCCCCCCCCCCCCCC
hexadecanoic acid	teaching	CCCCCCCCCCCCCCCC(=O)O
hexafluorobenzene	teaching	Fc1c(F)c(F)c(F)c(F)c1F
hexan-1-ol	teaching	CCCCCCO
hexan-2-one hexan-3-one heptan-2-one hexanal	teaching	CCCC(=O)CC.CCCCC(C)=O.CCCCCC(C)=O.CCCCCC=O
hexanedioic acid	teaching	O=C(O)CCCCC(=O)O
hydrazine	teaching	NN
hydrogen peroxide	teaching	OO
hydroxylamine	teaching	NO
ibuprofen	teaching	CC(C)Cc1ccc(C(C)C(=O)O)cc1
imidazole	teaching	c1c[nH]cn1
imidazole pyrimidine purine indole	teaching	c1c[nH]cn1.c1ccc2[nH]ccc2c1.c1cncnc1.c1ncc2[nH]cnc2n1
indane	teaching	c1ccc2c(c1)CCC2
indole	teaching	c1ccc2[nH]ccc2c1
isocyanatomethane	teaching	CN=C=O
isopentane neopentane isopropanol tert-butanol	teaching	CC(C)(C)C.CC(C)(C)O.CC(C)O.CCC(C)C
isoquinoline	teaching	c1ccc2cnccc2c1
L-alanine	teaching	C[C@H](N)C(=O)O
L-alanyl-L-alanine	teaching	C[C@H](N)C(=O)N[C@@H](C)C(=O)O
L-alanyl-L-phenylalanine	teaching	C[C@H](N)C(=O)N[C@@H](Cc1ccccc1)C(=O)O
L-allothreonine	teaching	C[C@H](O)[C@H](N)C(=O)O
L-arabinose	teaching	O=C[C@H](O)[C@@H](O)[C@@H](O)CO
L-arginine	teaching	N=C(N)NCCC[C@H](N)C(=O)O
L-ascorbic acid	teaching	O=C1O[C@H]([C@@H](O)CO)C(O)=C1O
L-asparagine	teaching	NC(=O)C[C@H](N)C(=O)O
L-aspartic acid	teaching	N[C@@H](CC(=O)O)C(=O)O
L-aspartic acid L-glutamic acid	teaching	N[C@@H](CC(=O)O)C(=O)O.N[C@@H](CCC(=O)O)C(=O)O
L-aspartyl-L-phenylalanine methyl ester	teaching	COC(=O)[C@H](Cc1ccccc1)NC(=O)[C@@H](N)CC(=O)O
L-cysteine	teaching	N[C@@H](CS)C(=O)O
L-DOPA	teaching	N[C@@H](Cc1ccc(O)c(O)c1)C(=O)O
L-glutamic acid	teaching	N[C@@H](CCC(=O)O)C(=O)O
L-glutamine	teaching	NC(=O)CC[C@H](N)C(=O)O
L-histidine	teaching	N[C@@H](Cc1c[nH]cn1)C(=O)O
L-isoleucine	teaching	CC[C@H](C)[C@H](N)C(=O)O
L-isoleucine L-proline L-phenylalanine L-tyrosine	teaching	CC[C@H](C)[C@H](N)C(=O)O.N[C@@H](Cc1ccc(O)cc1)C(=O)O.N[C@@H](Cc1ccccc1)C(=O)O.O=C(O)[C@@H]1CCCN1
L-leucine	teaching	CC(C)C[C@H](N)C(=O)O
L-lysine	teaching	NCCCC[C@H](N)C(=O)O
L-lysine L-arginine L-histidine	teaching	N=C(N)NCCC[C@H](N)C(=O)O.NCCCC[C@H](N)C(=O)O.N[C@@H](Cc1c[nH]cn1)C(=O)O
L-methionine	teaching	CSCC[C@H](N)C(=O)O
L-methionine L-asparagine L-glutamine	teaching	CSCC[C@H](N)C(=O)O.NC(=O)CC[C@H](N)C(=O)O.NC(=O)C[C@H](N)C(=O)O
L-phenylalanine	teaching	N[C@@H](Cc1ccccc1)C(=O)O
L-proline	teaching	O=C(O)[C@@H]1CCCN1
L-serine	teaching	N[C@@H](CO)C(=O)O
L-threonine	teaching	C[C@@H](O)[C@H](N)C(=O)O
L-tryptophan	teaching	N[C@@H](Cc1c[nH]c2ccccc12)C(=O)O
L-tryptophan L-serine L-threonine L-cysteine	teaching	C[C@@H](O)[C@H](N)C(=O)O.N[C@@H](CO)C(=O)O.N[C@@H](CS)C(=O)O.N[C@@H](Cc1c[nH]c2ccccc12)C(=O)O
L-tyrosine	teaching	N[C@@H](Cc1ccc(O)cc1)C(=O)O
L-valine	teaching	CC(C)[C@H](N)C(=O)O
lactic acid tartaric acid	teaching	CC(O)C(=O)O.O=C(O)C(O)C(O)C(=O)O
lactose	teaching	OC[C@H]1O[C@@H](O[C@H]2[C@H](O)[C@@H](O)C(O)O[C@@H]2CO)[C@H](O)[C@@H](O)[C@H]1O
linoleic acid	teaching	CCCCC/C=C\C/C=C\CCCCCCCC(=O)O
maleic acid succinic acid	teaching	O=C(O)/C=C\C(=O)O.O=C(O)CCC(=O)O
malic acid fumaric acid	teaching	O=C(O)/C=C/C(=O)O.O=C(O)CC(O)C(=O)O
menthol	teaching	CC1CCC(C(C)C)C(O)C1
methanal	teaching	C=O
methanal ethanal propanal butanal	teaching	C=O.CC=O.CCC=O.CCCC=O
methanamine	teaching	CN
methanamine ethanamine propan-1-amine propan-2-amine	teaching	CC(C)N.CCCN.CCN.CN
methane	teaching	C
methane ethane propane butane	teaching	C.CC.CCC.CCCC
methanesulfonic acid	teaching	CS(=O)(=O)O
methanethiol	teaching	CS
methanethiol ethanethiol dimethyl sulfide	teaching	CCS.CS.CSC
methanoic acid	teaching	O=CO
methanoic acid ethanoic acid	teaching	CC(=O)O.O=CO
methanol	teaching	CO
methanol ethanol propan-1-ol propan-2-ol	teaching	CC(C)O.CCCO.CCO.CO
methoxybenzene	teaching	COc1ccccc1
methoxymethane	teaching	COC
methoxymethane ethoxyethane methoxyethane methoxybenzene	teaching	CCOC.CCOCC.COC.COc1ccccc1
methyl (1R,2R,3S,5S)-3-benzoyloxy-8-methyl-8-azabicyclo[3.2.1]octane-2-carboxylate	teaching	COC(=O)[C@H]1[C@@H](OC(=O)c2ccccc2)C[C@@H]2CC[C@H]1N2C
methyl (2R)-2-hydroxypropanoate	teaching	COC(=O)[C@@H](C)O
methyl (2S)-2-[[(2S)-2-amino-3-carboxypropanoyl]amino]-3-phenylpropanoate	teaching	COC(=O)[C@H](Cc1ccccc1)NC(=O)[C@@H](N)CC(=O)O
methyl (E)-but-2-enoate	teaching	C/C=C/C(=O)OC
methyl benzoate	teaching	COC(=O)c1ccccc1
methyl ethanoate	teaching	COC(C)=O
methyl methanoate methyl ethanoate	teaching	COC(C)=O.COC=O
methylammonium	teaching	C[NH3+]
methylcyclohexane	teaching	CC1CCCCC1
morphine	teaching	CN1CC[C@]23c4c5ccc(O)c4O[C@H]2[C@@H](O)C=C[C@H]3[C@H]1C5
morpholine	teaching	C1COCCN1
N,N-dimethylaniline	teaching	CN(C)c1ccccc1
N,N-dimethylmethanamide	teaching	CN(C)C=O
N,N-dimethylmethanamine	teaching	CN(C)C
N-(4-hydroxyphenyl)acetamide	teaching	CC(=O)Nc1ccc(O)cc1
N-[(2S,3R,4R,5S,6R)-2,4,5-trihydroxy-6-(hydroxymethyl)oxan-3-yl]acetamide	teaching	CC(=O)N[C@@H]1[C@@H](O)[C@H](O)[C@@H](CO)O[C@@H]1O
N-methylethanamide	teaching	CNC(C)=O
N-methylidenemethanamine	teaching	C=NC
N-methylmethanamine	teaching	CNC
N-phenylethanamide	teaching	CC(=O)Nc1ccccc1
naphthalene	teaching	c1ccc2ccccc2c1
nicotinamide	teaching	NC(=O)c1cccnc1
nicotine	teaching	CN1CCCC1c1cccnc1
nitric acid	teaching	O=[N+]([O-])O
nitrobenzene	teaching	O=[N+]([O-])c1ccccc1
nitromethane	teaching	C[N+](=O)[O-]
nitromethane nitroethane	teaching	CC[N+](=O)[O-].C[N+](=O)[O-]
nonane decane undecane dodecane	teaching	CCCCCCCCC.CCCCCCCCCC.CCCCCCCCCCC.CCCCCCCCCCCC
octadecane	teaching	CCCCCCCCCCCCCCCCCC
octadecanoic acid	teaching	CCCCCCCCCCCCCCCCCC(=O)O
oxacyclohexadecan-2-one	teaching	O=C1CCCCCCCCCCCCCCO1
oxalic acid citric acid	teaching	O=C(O)C(=O)O.O=C(O)CC(O)(CC(=O)O)C(=O)O
oxazole	teaching	c1cocn1
oxetane	teaching	C1COC1
oxirane oxolane oxane 1,4-dioxane	teaching	C1CCOC1.C1CCOCC1.C1CO1.C1COCCO1
oxolan-2-one	teaching	O=C1CCCO1
oxolane	teaching	C1CCOC1
palmitic acid oleic acid	teaching	CCCCCCCC/C=C\CCCCCCCC(=O)O.CCCCCCCCCCCCCCCC(=O)O
paracetamol	teaching	CC(=O)Nc1ccc(O)cc1
penta-1,3-diene 2-methylbuta-1,3-diene	teaching	C=CC(=C)C.C=CC=CC
pentacene	teaching	c1ccc2cc3cc4cc5ccccc5cc4cc3cc2c1
pentan-3-one cyclohexanone acetophenone benzophenone	teaching	CC(=O)c1ccccc1.CCC(=O)CC.O=C(c1ccccc1)c1ccccc1.O=C1CCCCC1
pentane hexane heptane octane	teaching	CCCCC.CCCCCC.CCCCCCC.CCCCCCCC
pentane-2,4-dione	teaching	CC(=O)CC(C)=O
pentanoic acid hexanoic acid	teaching	CCCCC(=O)O.CCCCCC(=O)O
phenanthrene	teaching	c1ccc2c(c1)ccc1ccccc12
phenol	teaching	Oc1ccccc1
phenylboronic acid	teaching	OB(O)c1ccccc1
phenylethyne	teaching	C#Cc1ccccc1
phosphine	teaching	P
phosphoric acid	teaching	O=P(O)(O)O
piperazine	teaching	C1CNCCN1
piperidine	teaching	C1CCNCC1
porphyrin	teaching	C1=Cc2cc3ccc(cc4nc(cc5ccc(cc1n2)[nH]5)C=C4)[nH]3
potassium (2R,3R)-2,3-dihydroxybutanedioate	teaching	O=C([O-])[C@H](O)[C@@H](O)C(=O)[O-].[K+].[K+]
prop-2-en-1-ol	teaching	C=CCO
prop-2-enenitrile	teaching	C=CC#N
propan-2-ol	teaching	CC(C)O
propanal	teaching	CCC=O
propane-1,2,3-triol	teaching	OCC(O)CO
propane-1,2,3-triyl tri(octadecanoate)	teaching	CCCCCCCCCCCCCCCCCC(=O)OCC(COC(=O)CCCCCCCCCCCCCCCCC)OC(=O)CCCCCCCCCCCCCCCCC
propanedioic acid butanedioic acid	teaching	O=C(O)CC(=O)O.O=C(O)CCC(=O)O
propanoic acid	teaching	CCC(=O)O
propanoic acid butanoic acid	teaching	CCC(=O)O.CCCC(=O)O
propanone	teaching	CC(C)=O
propene	teaching	C=CC
propyne	teaching	C#CC
purine	teaching	c1ncc2[nH]cnc2n1
pyrazine	teaching	c1cnccn1
pyrazole	teaching	c1cn[nH]c1
pyrene	teaching	c1cc2ccc3cccc4ccc(c1)c2c34
pyridazine	teaching	c1ccnnc1
pyridin-3-ol	teaching	Oc1cccnc1
pyridine	teaching	c1ccncc1
pyridine pyrrole furan thiophene	teaching	c1cc[nH]c1.c1ccncc1.c1ccoc1.c1ccsc1
pyridoxine	teaching	Cc1ncc(CO)c(CO)c1O
pyrimidine	teaching	c1cncnc1
pyrrole	teaching	c1cc[nH]c1
pyrrolidin-2-one	teaching	O=C1CCCN1
pyrrolidine	teaching	C1CCNC1
quinoline	teaching	c1ccc2ncccc2c1
quinoline piperidine pyrrolidine morpholine	teaching	C1CCNC1.C1CCNCC1.C1COCCN1.c1ccc2ncccc2c1
silane	teaching	[SiH4]
sodium acetate	teaching	CC(=O)[O-].[Na+]
sodium chloride	teaching	[Cl-].[Na+]
spiro[2.2]pentane	teaching	C1CC12CC2
spiro[4.5]decane	teaching	C1CCC2(CC1)CCCC2
spiro[5.5]undecane	teaching	C1CCC2(CC1)CCCCC2
styrene	teaching	C=Cc1ccccc1
styrene naphthalene anthracene phenanthrene	teaching	C=Cc1ccccc1.c1ccc2c(c1)ccc1ccccc12.c1ccc2cc3ccccc3cc2c1.c1ccc2ccccc2c1
sulfuric acid	teaching	O=S(=O)(O)O
tetrachloromethane	teaching	ClC(Cl)(Cl)Cl
tetrafluoroborate	teaching	F[B-](F)(F)F
tetramethylammonium chloride	teaching	C[N+](C)(C)C.[Cl-]
tetramethylsilane	teaching	C[Si](C)(C)C
tetraphenylmethane	teaching	c1ccc(C(c2ccccc2)(c2ccccc2)c2ccccc2)cc1
tetrazole	teaching	c1nnn[nH]1
thiazole	teaching	c1cscn1
thiolane	teaching	C1CCSC1
thiophene	teaching	c1ccsc1
thiourea	teaching	NC(N)=S
threonine	teaching	C[C@@H](O)[C@H](N)C(=O)O
thymidine	teaching	Cc1cn([C@H]2C[C@H](O)[C@@H](CO)O2)c(=O)[nH]c1=O
thymine	teaching	Cc1c[nH]c(=O)[nH]c1=O
toluene	teaching	Cc1ccccc1
trans-1,2-dichlorocyclopentane	teaching	Cl[C@@H]1CCC[C@H]1Cl
trans-1,2-dimethylcyclohexane	teaching	C[C@@H]1CCCC[C@H]1C
trans-1,4-dimethylcyclohexane	teaching	C[C@H]1CC[C@H](C)CC1
trans-decahydronaphthalene	teaching	C1CC[C@H]2CCCC[C@@H]2C1
trichloromethane	teaching	ClC(Cl)Cl
trichloromethane tetrachloromethane chloroethane bromoethane	teaching	CCBr.CCCl.ClC(Cl)(Cl)Cl.ClC(Cl)Cl
tricyclo[3.3.1.1~3,7~]decane	teaching	C1C2CC3CC1CC(C2)C3
trideuteriomethanol	teaching	[2H]C([2H])([2H])O
trimethyl phosphate	teaching	COP(=O)(OC)OC
trimethylborane	teaching	CB(C)C
trimethylphosphane	teaching	CP(C)C
trimethylsilanol	teaching	C[Si](C)(C)O
triphenylmethanol	teaching	OC(c1ccccc1)(c1ccccc1)c1ccccc1
triphenylphosphane	teaching	c1ccc(P(c2ccccc2)c2ccccc2)cc1
tris(2-aminoethyl)amine	teaching	NCCN(CCN)CCN
uracil	teaching	O=c1cc[nH]c(=O)[nH]1
urea	teaching	NC(N)=O
urea thiourea guanidine hydrazine	teaching	N=C(N)N.NC(N)=O.NC(N)=S.NN
water	teaching	O
aspirin	drugs	CC(=O)Oc1ccccc1C(=O)O
ibuprofen	drugs	CC(C)Cc1ccc(C(C)C(=O)O)cc1
paracetamol	drugs	CC(=O)Nc1ccc(O)cc1
naproxen	drugs	COc1ccc2cc([C@H](C)C(=O)O)ccc2c1
diclofenac	drugs	O=C(O)Cc1ccccc1Nc1c(Cl)cccc1Cl
atorvastatin	drugs	CC(C)c1c(C(=O)Nc2ccccc2)c(-c2ccccc2)c(-c2ccc(F)cc2)n1CC[C@@H](O)C[C@@H](O)CC(=O)O
simvastatin	drugs	CCC(C)(C)C(=O)O[C@H]1C[C@@H](C)C=C2C=C[C@H](C)[C@H](CC[C@@H]3C[C@@H](O)CC(=O)O3)[C@H]21
rosuvastatin	drugs	CC(C)c1nc(N(C)S(C)(=O)=O)nc(-c2ccc(F)cc2)c1/C=C/[C@@H](O)C[C@@H](O)CC(=O)O
metformin	drugs	CN(C)C(=N)N=C(N)N
sitagliptin	drugs	N[C@@H](CC(=O)N1CCn2c(nnc2C(F)(F)F)C1)Cc1cc(F)c(F)cc1F
lisinopril	drugs	NCCCC[C@H](N[C@@H](CCc1ccccc1)C(=O)O)C(=O)N1CCC[C@H]1C(=O)O
enalapril	drugs	CCOC(=O)[C@H](CCc1ccccc1)N[C@@H](C)C(=O)N1CCC[C@H]1C(=O)O
losartan	drugs	CCCCc1nc(Cl)c(CO)n1Cc1ccc(-c2ccccc2-c2nn[nH]n2)cc1
valsartan	drugs	CCCCC(=O)N(Cc1ccc(-c2ccccc2-c2nn[nH]n2)cc1)[C@H](C(=O)O)C(C)C
amlodipine	drugs	CCOC(=O)C1=C(COCCN)NC(C)=C(C(=O)OC)C1c1ccccc1Cl
nifedipine	drugs	COC(=O)C1=C(C)NC(C)=C(C(=O)OC)C1c1ccccc1[N+](=O)[O-]
metoprolol	drugs	COCCc1ccc(OCC(O)CNC(C)C)cc1
propranolol	drugs	CC(C)NCC(O)COc1cccc2ccccc12
atenolol	drugs	CC(C)NCC(O)COc1ccc(CC(N)=O)cc1
warfarin	drugs	CC(=O)CC(c1ccccc1)c1c(O)c2ccccc2oc1=O
clopidogrel	drugs	COC(=O)[C@H](c1ccccc1Cl)N1CCc2sccc2C1
apixaban	drugs	COc1ccc(-n2nc(C(N)=O)c3c2C(=O)N(c2ccc(N4CCCCC4=O)cc2)CC3)cc1
rivaroxaban	drugs	O=C(NC[C@H]1CN(c2ccc(N3CCOCC3=O)cc2)C(=O)O1)c1ccc(Cl)s1
omeprazole	drugs	COc1ccc2nc(S(=O)Cc3ncc(C)c(OC)c3C)[nH]c2c1
esomeprazole	drugs	COc1ccc2nc([S@@](=O)Cc3ncc(C)c(OC)c3C)[nH]c2c1
ranitidine	drugs	CN/C(=C\[N+](=O)[O-])NCCSCc1ccc(CN(C)C)o1
loratadine	drugs	CCOC(=O)N1CCC(=C2c3ccc(Cl)cc3CCc3cccnc32)CC1
cetirizine	drugs	O=C(O)COCCN1CCN(C(c2ccccc2)c2ccc(Cl)cc2)CC1
fluoxetine	drugs	CNCCC(Oc1ccc(C(F)(F)F)cc1)c1ccccc1
sertraline	drugs	CN[C@H]1CC[C@@H](c2ccc(Cl)c(Cl)c2)c2ccccc21
citalopram	drugs	CN(C)CCCC1(c2ccc(F)cc2)OCc2cc(C#N)ccc21
venlafaxine	drugs	COc1ccc(C(CN(C)C)C2(O)CCCCC2)cc1
diazepam	drugs	CN1C(=O)CN=C(c2ccccc2)c2cc(Cl)ccc21
alprazolam	drugs	Cc1nnc2n1-c1ccc(Cl)cc1C(c1ccccc1)=NC2
haloperidol	drugs	O=C(CCCN1CCC(O)(c2ccc(Cl)cc2)CC1)c1ccc(F)cc1
olanzapine	drugs	Cc1cc2c(s1)Nc1ccccc1N=C2N1CCN(C)CC1
quetiapine	drugs	OCCOCCN1CCN(C2=Nc3ccccc3Sc3ccccc32)CC1
sildenafil	drugs	CCCc1nn(C)c2c(=O)[nH]c(-c3cc(S(=O)(=O)N4CCN(C)CC4)ccc3OCC)nc12
tadalafil	drugs	CN1CC(=O)N2[C@H](c3ccc4c(c3)OCO4)c3[nH]c4ccccc4c3C[C@@H]2C1=O
imatinib	drugs	Cc1ccc(NC(=O)c2ccc(CN3CCN(C)CC3)cc2)cc1Nc1nccc(-c2cccnc2)n1
gefitinib	drugs	COc1cc2ncnc(Nc3ccc(F)c(Cl)c3)c2cc1OCCCN1CCOCC1
erlotinib	drugs	C#Cc1cccc(Nc2ncnc3cc(OCCOC)c(OCCOC)cc23)c1
tamoxifen	drugs	CC/C(=C(\c1ccccc1)c1ccc(OCCN(C)C)cc1)c1ccccc1
oseltamivir	drugs	CCOC(=O)C1=C[C@@H](OC(CC)CC)[C@H](NC(C)=O)[C@@H](N)C1
acyclovir	drugs	Nc1nc2c(ncn2COCCO)c(=O)[nH]1
ciprofloxacin	drugs	O=C(O)c1cn(C2CC2)c2cc(N3CCNCC3)c(F)cc2c1=O
amoxicillin	drugs	CC1(C)S[C@@H]2[C@H](NC(=O)[C@H](N)c3ccc(O)cc3)C(=O)N2[C@H]1C(=O)O
fluconazole	drugs	OC(Cn1cncn1)(Cn1cncn1)c1ccc(F)cc1F
morphine	drugs	CN1CC[C@]23c4c5ccc(O)c4O[C@H]2[C@@H](O)C=C[C@H]3[C@H]1C5
caffeine	drugs	Cn1c(=O)c2c(ncn2C)n(C)c1=O
