name,smiles,direction,source,rank,label,count,example,reference,right_chemistry,right_example,note
(1S)-1-phenylethan-1-amine,C[C@H](N)c1ccccc1,uses,uspto,1,Amine → Amide,38,O=C(Cl)c1ccc[nH]1.C[C@H](N)c1ccccc1>ClCCl.CCN(CC)CC>C[C@H](NC(=O)c1ccc[nH]1)c1ccccc1,US07186716B2,,,
(1S)-1-phenylethan-1-amine,C[C@H](N)c1ccccc1,uses,uspto,2,Amine → Aryl amine,35,Clc1cc(Cl)ncn1.C[C@H](N)c1ccccc1>CC#N>C[C@H](Nc1cc(Cl)ncn1)c1ccccc1,US06630469B2,,,
(1S)-1-phenylethan-1-amine,C[C@H](N)c1ccccc1,uses,uspto,3,Forms Amine (new C-N bond),28,C[C@H](N)c1ccccc1.OCCBr>ClCCl>C[C@H](NCCO)c1ccccc1,US06252076B1,,,
(1S)-1-phenylethan-1-amine,C[C@H](N)c1ccccc1,uses,uspto,4,Amine → Imine,15,C[C@H](N)c1ccccc1.CCOC(=O)C=O>ClCCl>CCOC(=O)C=N[C@@H](C)c1ccccc1,US07618978B2,,,
(1S)-1-phenylethan-1-amine,C[C@H](N)c1ccccc1,uses,uspto,5,Forms Amine (new C-C bond),2,C[C@H](N)c1ccccc1.OCCBr>ClCCl>C[C@@H]1NCCc2ccccc21,US05990311,,,
(1S)-1-phenylethan-1-amine,C[C@H](N)c1ccccc1,makes,uspto,1,N-N bond broken,1,C[C@H](NNC(=O)c1ccccc1)c1ccccc1>CO.C1CCOC1.[I-].[Sm+2]>C[C@H](N)c1ccccc1,US05250731,,,
"(1S,2R,4S)-1,7,7-trimethylbicyclo[2.2.1]heptan-2-ol",CC1(C)[C@H]2CC[C@]1(C)[C@H](O)C2,uses,uspto,1,Alcohol → Ester,2,CC1(C)[C@H]2CC[C@]1(C)[C@H](O)C2.CCCC1CCC(C(=O)O)CC1>ClCCl.C(=NC1CCCCC1)=NC1CCCCC1>CCCC1CCC(C(=O)O[C@@H]2C[C@]3(C)CC[C@H]2C3(C)C)CC1,US07022259B2,,,
"(1S,2R,4S)-1,7,7-trimethylbicyclo[2.2.1]heptan-2-ol",CC1(C)[C@H]2CC[C@]1(C)[C@H](O)C2,uses,uspto,2,Alcohol → Ether,1,CN(C)S(=O)(=O)NC(=O)c1cc(Cl)c(F)cc1F.CC1(C)[C@H]2CC[C@]1(C)[C@H](O)C2>CS(=O)(=O)NC(=O)c1cc(Cl)c(F)cc1F.OCC12CC3CC(CC(C3)C1)C2>CN(C)S(=O)(=O)NC(=O)c1cc(Cl)c(O[C@@H]2C[C@@H]3CC[C@@]2(C)C3(C)C)cc1F,US08933236B2,,,
"(1S,2R,4S)-1,7,7-trimethylbicyclo[2.2.1]heptan-2-ol",CC1(C)[C@H]2CC[C@]1(C)[C@H](O)C2,makes,uspto,1,Ketone → Alcohol,1,CC12CCC(CC1=O)C2(C)C>C1CC2CCCC3CCCC(C1)B23.[Li]>CC1(C)C2CCC1(C)C(O)C2,US04082810,,,
"(2E,4Z)-hexa-2,4-diene",C/C=C\C=C\C,uses,,,(none),,,,,,
"(2E,4Z)-hexa-2,4-diene",C/C=C\C=C\C,makes,,,(none),,,,,,
"(2R)-2,5,7,8-tetramethyl-2-[(4R,8R)-4,8,12-trimethyltridecyl]-3,4-dihydrochromen-6-ol",Cc1c(C)c2c(c(C)c1O)CC[C@@](C)(CCC[C@H](C)CCC[C@H](C)CCCC(C)C)O2,uses,uspto,1,Phenol + Ether → Carboxylic acid + Alkene,1,CCO.Cc1c(C)c2c(c(C)c1O)CC[C@@](C)(CCC[C@H](C)CCC[C@H](C)CCCC(C)C)O2>O>CCCCC/C=C\C/C=C\CCCCCCCC(=O)O,US07074907B2,,,
"(2R)-2,5,7,8-tetramethyl-2-[(4R,8R)-4,8,12-trimethyltridecyl]-3,4-dihydrochromen-6-ol",Cc1c(C)c2c(c(C)c1O)CC[C@@](C)(CCC[C@H](C)CCC[C@H](C)CCCC(C)C)O2,uses,uspto,2,Phenol → Ester,1,Cc1c(C)c2c(c(C)c1O)CC[C@@](C)(CCC[C@H](C)CCC[C@H](C)CCCC(C)C)O2.CC(=O)OC(C)=O>CCCCCC.c1ccncc1>CC(=O)Oc1c(C)c(C)c2c(c1C)CC[C@@](C)(CCC[C@H](C)CCC[C@H](C)CCCC(C)C)O2,US05892058,,,
"(2R)-2,5,7,8-tetramethyl-2-[(4R,8R)-4,8,12-trimethyltridecyl]-3,4-dihydrochromen-6-ol",Cc1c(C)c2c(c(C)c1O)CC[C@@](C)(CCC[C@H](C)CCC[C@H](C)CCCC(C)C)O2,makes,uspto,1,Alkyl halide → new C-C bond,2,Cc1c(C)c2c(c(C)c1O)CCC(C)(CCBr)O2.CC(C)CCCC(C)CCCC(C)[CH2][Mg][Cl]>C1CCOC1.C[CH2][Mg][Br].[Mg].CCBr>Cc1c(C)c2c(c(C)c1O)CC[C@@](C)(CCC[C@H](C)CCC[C@H](C)CCCC(C)C)O2,US04550182,,,
"(2R)-2,5,7,8-tetramethyl-2-[(4R,8R)-4,8,12-trimethyltridecyl]-3,4-dihydrochromen-6-ol",Cc1c(C)c2c(c(C)c1O)CC[C@@](C)(CCC[C@H](C)CCC[C@H](C)CCCC(C)C)O2,makes,uspto,2,Ether + Alkyne → Phenol,2,CCCCCCOc1c(C)c(C)c2c(c1C)CCC(C)(C#CCC(C)CCCC(C)CCCC(C)C)O2>[Ni].CCO.CCOC(C)=O>Cc1c(C)c2c(c(C)c1O)CC[C@@](C)(CCC[C@H](C)CCC[C@H](C)CCCC(C)C)O2,US04898962,,,
"(2R)-2,5,7,8-tetramethyl-2-[(4R,8R)-4,8,12-trimethyltridecyl]-3,4-dihydrochromen-6-ol",Cc1c(C)c2c(c(C)c1O)CC[C@@](C)(CCC[C@H](C)CCC[C@H](C)CCCC(C)C)O2,makes,uspto,3,Alcohol + Alkene + Phenol → Ether,1,C=CC(C)(O)CCCC(C)CCCC(C)CCCC(C)C.Cc1cc(O)c(C)c(C)c1O>CCCCCC.O=C(O)C(F)(F)F.O>Cc1c(C)c2c(c(C)c1O)CC[C@@](C)(CCC[C@H](C)CCC[C@H](C)CCCC(C)C)O2,US04208334,,,
"(2R)-2,5,7,8-tetramethyl-2-[(4R,8R)-4,8,12-trimethyltridecyl]-3,4-dihydrochromen-6-ol",Cc1c(C)c2c(c(C)c1O)CC[C@@](C)(CCC[C@H](C)CCC[C@H](C)CCCC(C)C)O2,makes,uspto,4,Alcohol + Alkene → Phenol + Ether,1,C=CC(C)(O)CCCC(C)CCCC(C)CCCC(C)C.C/C(=C\CO)CCC[C@H](C)CCC[C@H](C)CCCC(C)C.CCOCC>[Pd].CC(=O)O.CCOC(C)=O.[Al].FB(F)F>Cc1c(C)c2c(c(C)c1O)CC[C@@](C)(CCC[C@H](C)CCC[C@H](C)CCCC(C)C)O2,US04221742,,,
"(2R)-2,5,7,8-tetramethyl-2-[(4R,8R)-4,8,12-trimethyltridecyl]-3,4-dihydrochromen-6-ol",Cc1c(C)c2c(c(C)c1O)CC[C@@](C)(CCC[C@H](C)CCC[C@H](C)CCCC(C)C)O2,makes,uspto,5,Alkyl halide + Alcohol + Alkene + Ester → Phenol + Ether,1,Cc1ccccc1C.O=S(=O)([O-])C(F)(F)F.C=CC(C)(O)CCCC(C)CCCC(C)CCCC(C)C.CCOC(C)=O>ClCCl.O=S(=O)([O-])C(F)(F)F.[Eu+3]>Cc1c(C)c2c(c(C)c1O)CC[C@@](C)(CCC[C@H](C)CCC[C@H](C)CCCC(C)C)O2,US05532387,,,
"(2S)-2,4-diamino-4-oxobutanoic acid",NC(=O)C[C@H](N)C(=O)O,uses,uspto,1,Amine → Amide,6,NC(=O)C[C@H](N)C(=O)O.O=C(Cl)c1ccccc1>O.O=C([O-])[O-].[K+]>NC(=O)C[C@H](NC(=O)c1ccccc1)C(=O)O,US05679688,,,
"(2S)-2,4-diamino-4-oxobutanoic acid",NC(=O)C[C@H](N)C(=O)O,uses,uspto,2,New N-S bond,4,NC(=O)C[C@H](N)C(=O)O.Cc1cc(C)c(S(=O)(=O)Cl)c(C)c1>C1CCOC1.O.CCN(CC)CC>Cc1cc(C)c(S(=O)(=O)N[C@@H](CC(N)=O)C(=O)O)c(C)c1,US06489333B2,,,
"(2S)-2,4-diamino-4-oxobutanoic acid",NC(=O)C[C@H](N)C(=O)O,uses,uspto,3,Amide → new C-C bond,1,NC(=O)C[C@H](N)C(=O)O.N[C@@H](Cc1ccccc1)C(=O)O>N[C@@H](Cc1ccc(O)cc1)C(=O)O>NCCCC[C@H](N)C(=O)O,US06472180B1,,,
"(2S)-2,4-diamino-4-oxobutanoic acid",NC(=O)C[C@H](N)C(=O)O,uses,uspto,4,Amine → Alkyl halide,1,NC(=O)C[C@H](N)C(=O)O.[Br-]>O=S(=O)(O)O.O.[K+].O=N[O-].[Na+]>NC(=O)C[C@H](Br)C(=O)O,US05071843,,,
"(2S)-2,4-diamino-4-oxobutanoic acid",NC(=O)C[C@H](N)C(=O)O,uses,uspto,5,New C-N bond,1,NC(=O)C[C@H](N)C(=O)O.OC(c1ccccc1)(c1ccccc1)c1ccccc1>CC(=O)O.O.O=S(=O)(O)O.CC(=O)OC(C)=O.[OH-]>N[C@@H](CC(=O)NC(c1ccccc1)(c1ccccc1)c1ccccc1)C(=O)O,US05952497,,,
"(2S)-2,4-diamino-4-oxobutanoic acid",NC(=O)C[C@H](N)C(=O)O,makes,uspto,1,Amine + Carboxylic acid → Amide,2,NC(=O)CC[C@H](N)C(=O)O.N[C@@H](CC(=O)O)C(=O)O>NCCCC[C@H](N)C(=O)O.N=C(N)NCCC[C@H](N)C(=O)O>NC(=O)C[C@H](N)C(=O)O,US05798225,,,
"(2S)-2,4-diamino-4-oxobutanoic acid",NC(=O)C[C@H](N)C(=O)O,makes,uspto,2,Carboxylic acid + Amine → Amide,2,C[C@@H](N)C(=O)O.C[C@H](O)[C@@H](N)C(=O)O.CC(C)[C@@H](N)C(=O)O>>NC(=O)C[C@H](N)C(=O)O,US04390527,,,
"(2S)-2,4-diamino-4-oxobutanoic acid",NC(=O)C[C@H](N)C(=O)O,makes,uspto,3,Alcohol + Carboxylic acid + Amine → Amide,1,N[C@H](CO)C(=O)O.N=C(N)NCCC[C@@H](N)C(=O)O.CSCC[C@@H](N)C(=O)O>NCCCC[C@@H](N)C(=O)O.N[C@H](Cc1ccccc1)C(=O)O.CC(C)C[C@@H](N)C(=O)O.CC[C@@H](C)[C@@H](N)C(=O)O.N[C@H](Cc1c[nH]c2ccccc12)C(=O)O>NC(=O)C[C@H](N)C(=O)O,US04555403,,,
"(2S)-2,4-diamino-4-oxobutanoic acid",NC(=O)C[C@H](N)C(=O)O,makes,uspto,4,Amine + Alcohol → Amide,1,O=C(O)[C@H]1CCCN1.C[C@@H](N)C(=O)O.C[C@H](O)[C@@H](N)C(=O)O>CC(C)[C@@H](N)C(=O)O>NC(=O)C[C@H](N)C(=O)O,US04555403,,,
"(2S)-2,4-diamino-4-oxobutanoic acid",NC(=O)C[C@H](N)C(=O)O,makes,uspto,5,Amine + Sulfoxide → Amide,1,CCN(C(C)C)C(C)C.NCC(=O)O.CS(C)=O>>NC(=O)C[C@H](N)C(=O)O,US08765669B2,,,
(2S)-2-amino-4-(methylsulfanyl)butanoic acid,CSCC[C@H](N)C(=O)O,uses,uspto,1,Amine → Amide,12,CSCC[C@H](N)C(=O)O.COC(=O)Cl>C1COCCO1.CCOC(C)=O.[OH-].[Na+]>COC(=O)N[C@@H](CCSC)C(=O)O,US08691938B2,,,
(2S)-2-amino-4-(methylsulfanyl)butanoic acid,CSCC[C@H](N)C(=O)O,uses,uspto,2,Carboxylic acid → Ester,3,N[C@@H](CS)C(=O)O.CSCC[C@H](N)C(=O)O>O.O=C([O-])[O-].[Na+].CCO.O=C([O-])O>CCOC(=O)[C@@H](N)CCSC,US04940662,,,
(2S)-2-amino-4-(methylsulfanyl)butanoic acid,CSCC[C@H](N)C(=O)O,uses,uspto,3,Thioether → new C-C bond,3,CSCC[C@H](N)C(=O)O.Nc1ccc(C(=O)O)cc1>N[C@@H](Cc1ccccc1)C(=O)O.O=C(O)[C@@H]1CCCN1>CC[C@H](C)[C@H](N)C(=O)O,US07429449B2,,,
(2S)-2-amino-4-(methylsulfanyl)butanoic acid,CSCC[C@H](N)C(=O)O,uses,uspto,4,Carboxylic acid → Acyl halide,2,[Cl-].CSCC[C@H](N)C(=O)O>O.[Zn+2].[Cl-]>CSCC[C@H](N)C(=O)Cl,US03941818,,,
(2S)-2-amino-4-(methylsulfanyl)butanoic acid,CSCC[C@H](N)C(=O)O,uses,uspto,5,Amine → new C-N bond,1,C[C@@H](NC(=O)[C@H](Cc1ccc(O)cc1)NC(=O)OC(C)(C)C)C(=O)NCC(=O)N[C@@H](Cc1ccccc1)C(=O)NN.CSCC[C@H](N)C(=O)O>CN(C)C=O.C1COCCO1.CC(C)(C)ON=O.Cl.CCN(CC)CC>CSCC[C@H](NC(=O)[C@H](Cc1ccccc1)NC(=O)CNC(=O)[C@@H](C)NC(=O)[C@H](Cc1ccc(O)cc1)NC(=O)OC(C)(C)C)C(=O)O,US04247543,,,
(2S)-2-amino-4-(methylsulfanyl)butanoic acid,CSCC[C@H](N)C(=O)O,makes,uspto,1,Amide → Amine,2,CSCC[C@H](NC(=O)[C@@H](N)CCSC)C(=O)O>N>CSCC[C@H](N)C(=O)O,US04518801,,,
(2S)-2-amino-4-(methylsulfanyl)butanoic acid,CSCC[C@H](N)C(=O)O,makes,uspto,2,Amide → Carboxylic acid + Amine,2,CSCCC1NC(=O)NC1=O.O>c1c[nH]cn1>CSCC[C@H](N)C(=O)O,US04082767,,,
(2S)-2-amino-4-(methylsulfanyl)butanoic acid,CSCC[C@H](N)C(=O)O,makes,uspto,3,Alcohol + Alkene → Carboxylic acid + Amine,1,O=C[C@H](O)[C@@H](O)[C@H](O)[C@H](O)CO.C1=CCSC=C1.[OH-].[NH4+]>O=P([O-])([O-])O.[K+].Cl.O=C(O)CCCC[C@@H]1SC[C@@H]2NC(=O)N[C@@H]21>CSCC[C@H](N)C(=O)O,US08338141B2,,,
(2S)-2-amino-4-(methylsulfanyl)butanoic acid,CSCC[C@H](N)C(=O)O,makes,uspto,4,Alcohol + Thiol → Thioether,1,N[C@@H](CCO)C(=O)O.CC(C)S>Br.[Al+3].[Cl-]>CSCC[C@H](N)C(=O)O,US07368600B2,,,
(2S)-2-amino-4-(methylsulfanyl)butanoic acid,CSCC[C@H](N)C(=O)O,makes,uspto,5,Aldehyde + Nitrile → Carboxylic acid + Amine,1,CSCCC=O.C#N.O=C([O-])[O-]>[NH4+]>CSCC[C@H](N)C(=O)O,US08119837B2,,,
(2S)-2-amino-4-methylpentanoic acid,CC(C)C[C@H](N)C(=O)O,uses,uspto,1,Amine → Amide,22,CC(C)C[C@H](N)C(=O)O.NC=O>>CC(C)C[C@H](NC=O)C(=O)O,US06294692B1,,,
(2S)-2-amino-4-methylpentanoic acid,CC(C)C[C@H](N)C(=O)O,uses,uspto,2,New C-C bond,8,NC(N)=O.CC(C)C[C@H](N)C(=O)O>O=C[C@H](O)[C@@H](O)[C@H](O)[C@H](O)CO.O=P([O-])(O)O.[K+].N>NCCCC[C@H](N)C(=O)O,US04169763,,,
(2S)-2-amino-4-methylpentanoic acid,CC(C)C[C@H](N)C(=O)O,uses,uspto,3,Carboxylic acid → Amide,7,CC(C)C[C@H](N)C(=O)O.CC(C)C[C@H](N)C(=O)O.C[Si](C)(C)Cl>CO>COC(=O)[C@H](CC(C)C)NC(=O)[C@@H](N)CC(C)C,US05430150,,,
(2S)-2-amino-4-methylpentanoic acid,CC(C)C[C@H](N)C(=O)O,uses,uspto,4,Carboxylic acid → Ester,7,CC(C)C[C@H](N)C(=O)O.CO>O=S(Cl)Cl>COC(=O)[C@@H](N)CC(C)C,US06353006B1,,,
(2S)-2-amino-4-methylpentanoic acid,CC(C)C[C@H](N)C(=O)O,uses,uspto,5,Forms Amine (new C-N bond),5,CC(C)C[C@H](N)C(=O)O.CC(C)=O>CCO.[Pd].O.[H][H].Cl>CC(C)C[C@H](NC(C)C)C(=O)O,US06458781B1,,,
(2S)-2-amino-4-methylpentanoic acid,CC(C)C[C@H](N)C(=O)O,makes,uspto,1,Amide → Amine,5,CC(=O)N[C@@H](CC(C)C)C(=O)O>O.CC[C@H](C)[C@H](NC(C)=O)C(=O)O.[OH-].[Na+]>CC(C)C[C@H](N)C(=O)O,US04562153,,,
(2S)-2-amino-4-methylpentanoic acid,CC(C)C[C@H](N)C(=O)O,makes,uspto,2,Amine → new C-C bond,5,N[C@@H](Cc1c[nH]cn1)C(=O)O.NCC(=O)O>N=C(N)NCCC[C@H](N)C(=O)O.N[C@@H](CC(=O)O)C(=O)O>CC(C)C[C@H](N)C(=O)O,US09314028B2,,,
(2S)-2-amino-4-methylpentanoic acid,CC(C)C[C@H](N)C(=O)O,makes,uspto,3,Amide → Carboxylic acid + Amine,3,CC(C)C[C@H](NC(=O)OCc1ccccc1)C(=O)ON1C(=O)CCC1=O>CN(C)C=O.CCN(CC)CC.O=C(O)C(F)(F)F.CO.II>CC(C)C[C@H](N)C(=O)O,US03953416,,,
(2S)-2-amino-4-methylpentanoic acid,CC(C)C[C@H](N)C(=O)O,makes,uspto,4,C-C bond broken,3,N[C@@H](Cc1ccccc1)C(=O)O>NCCCC[C@H](N)C(=O)O.C[C@H](N)C(=O)O>CC(C)C[C@H](N)C(=O)O,US04314936,,,
(2S)-2-amino-4-methylpentanoic acid,CC(C)C[C@H](N)C(=O)O,makes,uspto,5,Ester + Amide → Carboxylic acid + Amine,2,CC(C)(C)OC(=O)NCCCCCCCCCCC(=O)O.CN(C)C=O.c1ccncc1>CN(C)c1ccncc1>CC(C)C[C@H](N)C(=O)O,US05942600,,,
(2S)-butan-2-amine,CC[C@H](C)N,uses,uspto,1,Amine → Aryl amine,21,COC(=O)c1cc(Cl)nc(Cl)c1.CC[C@H](C)N>Cc1ccccc1.CCOCC.CC(=O)[O-].[Pd+2].c1ccc(P(c2ccccc2)c2ccc3ccccc3c2-c2c(P(c3ccccc3)c3ccccc3)ccc3ccccc23)cc1>CC[C@H](C)Nc1cc(C(=O)OC)cc(Cl)n1,US07585885B2,,,
(2S)-butan-2-amine,CC[C@H](C)N,uses,uspto,2,Amine → Amide,7,O=C1C2=C(CCCC2)C(=O)N1c1cc(OC2CCCC2)c(Cl)cc1F.CC[C@H](C)N>c1ccccc1.CN1CCOCC1>CCC(C)NC(=O)C1=C(C(=O)Nc2cc(OC3CCCC3)c(Cl)cc2F)CCCC1,US05506190,,,
(2S)-butan-2-amine,CC[C@H](C)N,uses,uspto,3,Forms Amine (new C-N bond),2,O=S1(=O)N=C(Cl)Nc2cc(Cl)sc21.CC[C@H](C)N>CCO>CC[C@H](C)NC1=NS(=O)(=O)c2sc(Cl)cc2N1,US06225310B1,,,
(2S)-butan-2-amine,CC[C@H](C)N,makes,,,(none),,,,,,
"(3R,5aS,6R,8aS,9R,12S,12aR)-3,6,9-trimethyloctahydro-3,12-epoxy-12H-pyrano[4,3-j]-1,2-benzodioxepin-10(3H)-one",C[C@@H]1CC[C@H]2[C@@H](C)C(=O)O[C@@H]3O[C@@]4(C)CC[C@@H]1[C@]32OO4,uses,uspto,1,Ester → Alcohol + Ether,1,C[C@@H]1CC[C@H]2[C@@H](C)C(=O)O[C@@H]3O[C@@]4(C)CC[C@@H]1[C@]32OO4>CO.[BH4-].[Na+].CC(=O)O>C[C@H]1[C@@H](O)O[C@@H]2OC3(C)CC[C@H]4[C@H](C)CC[C@@H]1[C@@]24OO3,US05011951,,,
"(3R,5aS,6R,8aS,9R,12S,12aR)-3,6,9-trimethyloctahydro-3,12-epoxy-12H-pyrano[4,3-j]-1,2-benzodioxepin-10(3H)-one",C[C@@H]1CC[C@H]2[C@@H](C)C(=O)O[C@@H]3O[C@@]4(C)CC[C@@H]1[C@]32OO4,makes,uspto,1,Carboxylic acid + Alkene + Phenol → Ester + Ether,1,C=C(C(=O)O)[C@@H]1CC[C@@H](C)[C@@H]2CCC(C)=C[C@@H]21.[O-]O.O=C1OC2(c3cc(I)c(O)c(I)c3Oc3c2cc(I)c(O)c3I)c2c(Cl)c(Cl)c(Cl)c(Cl)c21>CO.CC#N.ClCCl.O.[BH4-]>C[C@@H]1CC[C@H]2[C@@H](C)C(=O)O[C@@H]3O[C@@]4(C)CC[C@@H]1[C@]32OO4,US05310946,,,
"(8R,9S,10R,13S,14S,17S)-17-hydroxy-10,13-dimethyl-1,2,6,7,8,9,11,12,14,15,16,17-dodecahydrocyclopenta[a]phenanthren-3-one",C[C@]12CC[C@H]3[C@@H](CCC4=CC(=O)CC[C@@]43C)[C@@H]1CC[C@@H]2O,uses,uspto,1,Alcohol → Ester,4,C[C@]12CC[C@H]3[C@@H](CCC4=CC(=O)CC[C@@]43C)[C@@H]1CC[C@@H]2O.COC(=O)Cl>c1ccncc1>COC(=O)O[C@H]1CC[C@H]2[C@@H]3CCC4=CC(=O)CC[C@]4(C)[C@H]3CC[C@]12C,US08309539B2,,,
"(8R,9S,10R,13S,14S,17S)-17-hydroxy-10,13-dimethyl-1,2,6,7,8,9,11,12,14,15,16,17-dodecahydrocyclopenta[a]phenanthren-3-one",C[C@]12CC[C@H]3[C@@H](CCC4=CC(=O)CC[C@@]43C)[C@@H]1CC[C@@H]2O,uses,uspto,2,Forms Alcohol (new C-O bond),3,C[C@]12CC[C@H]3[C@@H](CCC4=CC(=O)CC[C@@]43C)[C@@H]1CC[C@@H]2O.CS(C)=O>>C[C@]12CC[C@H]3[C@@H]([C@H](O)CC4=CC(=O)CC[C@@]43C)[C@@H]1CC[C@@H]2O,US04220716,,,
"(8R,9S,10R,13S,14S,17S)-17-hydroxy-10,13-dimethyl-1,2,6,7,8,9,11,12,14,15,16,17-dodecahydrocyclopenta[a]phenanthren-3-one",C[C@]12CC[C@H]3[C@@H](CCC4=CC(=O)CC[C@@]43C)[C@@H]1CC[C@@H]2O,uses,uspto,3,New C-C bond,2,CCI.C[C@]12CC[C@H]3[C@@H](CCC4=CC(=O)CC[C@@]43C)[C@@H]1CC[C@@H]2O>CC(C)(C)O.CC(C)(C)[O-].[K+]>CCC1=C2CC[C@H]3[C@@H]4CC[C@H](O)[C@@]4(C)CC[C@@H]3[C@@]2(C)CCC1=O,US08664210B2,,,
"(8R,9S,10R,13S,14S,17S)-17-hydroxy-10,13-dimethyl-1,2,6,7,8,9,11,12,14,15,16,17-dodecahydrocyclopenta[a]phenanthren-3-one",C[C@]12CC[C@H]3[C@@H](CCC4=CC(=O)CC[C@@]43C)[C@@H]1CC[C@@H]2O,uses,uspto,4,Alcohol → Alkene,1,C[C@]12CC[C@H]3[C@@H](CCC4=CC(=O)CC[C@@]43C)[C@@H]1CC[C@@H]2O>Cc1ccccc1.COC(=O)Cl.c1ccncc1.CO.COC(=O)[O-]>C[C@@]12C=CC[C@H]1[C@@H]1CCC3=CC(=O)CC[C@]3(C)[C@H]1CC2,US05883087,,,
"(8R,9S,10R,13S,14S,17S)-17-hydroxy-10,13-dimethyl-1,2,6,7,8,9,11,12,14,15,16,17-dodecahydrocyclopenta[a]phenanthren-3-one",C[C@]12CC[C@H]3[C@@H](CCC4=CC(=O)CC[C@@]43C)[C@@H]1CC[C@@H]2O,uses,uspto,5,Alcohol → Ether,1,C[C@]12CC[C@H]3[C@@H](CCC4=CC(=O)CC[C@@]43C)[C@@H]1CC[C@@H]2O.CCN(C(C)C)C(C)C.CCOCC>CN(C)C=O.[O]=[Ag].CI>CO[C@H]1CC[C@H]2[C@@H]3CCC4=CC(=O)[C@H](C)C[C@]4(C)[C@H]3CC[C@]12C,US04297350,,,
"(8R,9S,10R,13S,14S,17S)-17-hydroxy-10,13-dimethyl-1,2,6,7,8,9,11,12,14,15,16,17-dodecahydrocyclopenta[a]phenanthren-3-one",C[C@]12CC[C@H]3[C@@H](CCC4=CC(=O)CC[C@@]43C)[C@@H]1CC[C@@H]2O,makes,uspto,1,Ester → Alcohol,1,CCCCCCC(=O)O[C@H]1CC[C@H]2[C@@H]3CCC4=CC(=O)CC[C@]4(C)[C@H]3CC[C@]12C>CNC1(c2ccccc2Cl)CCCCC1=O.Cc1cccc(C)c1NC1=NCCCS1>C[C@]12CC[C@H]3[C@@H](CCC4=CC(=O)CC[C@@]43C)[C@@H]1CC[C@@H]2O,US07727952B2,,,
"(8R,9S,10R,13S,14S,17S)-17-hydroxy-10,13-dimethyl-1,2,6,7,8,9,11,12,14,15,16,17-dodecahydrocyclopenta[a]phenanthren-3-one",C[C@]12CC[C@H]3[C@@H](CCC4=CC(=O)CC[C@@]43C)[C@@H]1CC[C@@H]2O,makes,uspto,2,Forms Alkene,1,C[C@]12CCC(=O)C[C@@H]1CC[C@@H]1[C@@H]2CC[C@]2(C)[C@@H](O)CC[C@@H]12>CCCCCCCCCCC(=O)O[C@H]1CC[C@H]2[C@@H]3CCC4=CC(=O)CC[C@]4(C)[C@H]3CC[C@]12C>C[C@]12CC[C@H]3[C@@H](CCC4=CC(=O)CC[C@@]43C)[C@@H]1CC[C@@H]2O,US08778922B2,,,
"(9R,10S)-9,10-dihydroxyoctadecanoic acid",CCCCCCCC[C@H](O)[C@H](O)CCCCCCCC(=O)O,uses,,,(none),,,,,,
"(9R,10S)-9,10-dihydroxyoctadecanoic acid",CCCCCCCC[C@H](O)[C@H](O)CCCCCCCC(=O)O,makes,uspto,1,Alkene → Alcohol,1,[OH-].CCCCCCCC/C=C\CCCCCCCC(=O)O.[O]=[Mn](=[O])(=[O])[O-]>O.[Na+].[K+].O=S(O)O>CCCCCCCCC(O)C(O)CCCCCCCC(=O)O,US05461036,,,
(S)-methyl 4-methylphenyl sulfoxide,Cc1ccc([S@](C)=O)cc1,uses,uspto,1,New C-C bond,1,Cc1ccc([S@](C)=O)cc1.O=C[C@@H]1CCCN1C(=O)[C@@H]1CCCN1C(=O)OCc1ccccc1>C1CCOC1.CC(C)NC(C)C.[Cl-].[NH4+]>Cc1ccc([S@@](=O)CC(O)[C@@H]2CCCN2C(=O)[C@@H]2CCCN2C(=O)OCc2ccccc2)cc1,US05506256,,,
(S)-methyl 4-methylphenyl sulfoxide,Cc1ccc([S@](C)=O)cc1,makes,,,(none),,,,,,
(Z)-1-chloroprop-1-ene,C/C=C\Cl,uses,uspto,1,New C-C bond,1,C/C=C/Cl.COC(=O)C(=O)c1ccccc1>CCCCCC.CCOCC.[Li].[Li]/[CH]=C/C.Cl>C/C=C/C(O)(C(=O)OC)c1ccccc1,US04465834,,,
(Z)-1-chloroprop-1-ene,C/C=C\Cl,makes,,,(none),,,,,,
"1-iodobutane 1,2-dichloroethane 1,1-dichloroethane 1,2-dibromoethane",BrCCBr.CC(Cl)Cl.CCCCI.ClCCCl,uses,,,(none),,,,,,
"1-iodobutane 1,2-dichloroethane 1,1-dichloroethane 1,2-dibromoethane",BrCCBr.CC(Cl)Cl.CCCCI.ClCCCl,makes,,,(none),,,,,,
"2-(diethylamino)-N-(2,6-dimethylphenyl)acetamide",CCN(CC)CC(=O)Nc1c(C)cccc1C,uses,,,(none),,,,,,
"2-(diethylamino)-N-(2,6-dimethylphenyl)acetamide",CCN(CC)CC(=O)Nc1c(C)cccc1C,makes,uspto,1,Ether + Phenol + Imine → Amide,1,CN(C)CCC=C1c2ccccc2COc2ccccc21.CN(C)CCC=C1c2ccccc2COc2ccccc21.Cc1cc(C(C)(C)C)c(O)c(C)c1CC1=NCCN1.Cc1cc(C(C)(C)C)c(O)c(C)c1CC1=NCCN1>Cl.CN1[C@@H]2C[C@@H](OC(=O)[C@H](CO)c3ccccc3)C[C@H]1[C@@H]1O[C@H]12>CCN(CC)CC(=O)Nc1c(C)cccc1C,US08329685B1,,,
"5-methylpyrimidine-2,4(1H,3H)-dione",Cc1c[nH]c(=O)[nH]c1=O,uses,uspto,1,New C-N bond,39,c1nc[nH]n1.Cc1c[nH]c(=O)[nH]c1=O>CC#N.O.O=P(Cl)(Cl)Cl.CCN(CC)CC>Cc1c[nH]c(=O)nc1-n1cncn1,US05359067,,,
"5-methylpyrimidine-2,4(1H,3H)-dione",Cc1c[nH]c(=O)[nH]c1=O,uses,uspto,2,Forms Alkyne (new C-C bond),1,Cc1c[nH]c(=O)[nH]c1=O.Nc1ncnc2nc[nH]c12>O=c1cc[nH]c(=O)[nH]1.Nc1nc2nc[nH]c2c(=O)[nH]1.Nc1cc[nH]c(=O)n1.Nc1nc(N)c2[nH]cnc2n1>CC#Cc1c[nH]c(=O)[nH]c1=O,US07871991B2,,,
"5-methylpyrimidine-2,4(1H,3H)-dione",Cc1c[nH]c(=O)[nH]c1=O,uses,uspto,3,Forms Amide + Imine + Alkyl halide (new C-F bond),1,Cc1c[nH]c(=O)[nH]c1=O.FF>O=C(O)C(F)(F)F.N#N.FF>CC1(F)C=NC(=O)NC1=O,US04029661,,,
"5-methylpyrimidine-2,4(1H,3H)-dione",Cc1c[nH]c(=O)[nH]c1=O,uses,uspto,4,New N-S bond,1,Cc1c[nH]c(=O)[nH]c1=O.Cc1ccc(S(=O)(=O)Cl)cc1>O.CC#N.[OH-].[Na+].Cl>Cc1ccc(S(=O)(=O)n2cc(C)c(=O)[nH]c2=O)cc1,US06156894,,,
"5-methylpyrimidine-2,4(1H,3H)-dione",Cc1c[nH]c(=O)[nH]c1=O,uses,uspto,5,Phenol → new C-N bond,1,Cc1c[nH]c(=O)nc1O.ClCCCCBr>CS(C)=O.O=C([O-])[O-].[K+].O>Cc1cn(CCCCCl)c(=O)[nH]c1=O,US08114875B2,,,
"5-methylpyrimidine-2,4(1H,3H)-dione",Cc1c[nH]c(=O)[nH]c1=O,makes,uspto,1,C-N bond broken,5,Cc1cn(CC(=O)N2CCNCC2=O)c(=O)[nH]c1=O>ClCCl.CN(C)c1ccncc1.CCN(CC)CC>Cc1c[nH]c(=O)[nH]c1=O,US06433134B1,,,
acetyl chloride,CC(=O)Cl,uses,uspto,1,Acyl halide → Amide,2196,CC(C)(C)CN.CC(=O)Cl>O.CCN(CC)CC.ClCCl>CC(=O)NCC(C)(C)C,US06906067B2,,,
acetyl chloride,CC(=O)Cl,uses,uspto,2,Acyl halide → Ester,685,CC(=O)Cl.CC(C)(C)CO>Cn1ccnc1>CC(=O)OCC(C)(C)C,US07351339B2,,,
acetyl chloride,CC(=O)Cl,uses,uspto,3,Acyl halide → Ketone,443,Cc1ccsc1C.CC(=O)Cl>c1ccccc1.[Cl][Sn]([Cl])([Cl])[Cl]>CC(=O)c1cc(C)c(C)s1,US06713638B2,,,
acetyl chloride,CC(=O)Cl,uses,uspto,4,Acyl halide → new C-N bond,139,CC(=O)Cl.Ic1cn[nH]c1>ClCCl.CCN(CC)CC.O>CC(=O)n1cc(I)cn1,US08957066B2,,,
acetyl chloride,CC(=O)Cl,uses,uspto,5,Acyl halide → new C-O bond,39,COP(=O)([O-])OC.CC(=O)Cl>C1CCOC1.[Na+].COP(=O)(OC)OC.[I-]>COP(=O)(OC)OC(C)=O,US05334707,,,
acetyl chloride,CC(=O)Cl,makes,,,(none),,,,,,
benzofuran,c1ccc2occc2c1,uses,uspto,1,New C-C bond,17,c1ccc2occc2c1.ClCCCI>C1CCOC1.[Cu][I].[Li][CH2]CCC.[NH4+].[Cl-]>ClCCCc1cc2ccccc2o1,US06627645B2,,,
benzofuran,c1ccc2occc2c1,uses,uspto,2,Forms Ketone (new C-C bond),6,c1ccc2occc2c1.CCOC(=O)C(=O)OCC>C1CCOC1.CCOCC.O=C=O.[Li][CH2]CCC>CCOC(=O)C(=O)c1cc2ccccc2o1,US08937041B2,,,
benzofuran,c1ccc2occc2c1,uses,uspto,3,New C-S bond,3,c1ccc2occc2c1.O=S(=O)(Cl)Cl.[NH4+]>C1CCOC1.CCCCCC.CC(C)=O.O.[Li][CH2]CCC>NS(=O)(=O)c1cc2ccccc2o1,US07282595B2,,,
benzofuran,c1ccc2occc2c1,uses,uspto,4,Forms Aldehyde (new C-C bond),2,c1ccc2occc2c1.CN(C)C=O>O=P(Cl)(Cl)Cl>O=Cc1cc2ccccc2o1,US05037853,,,
benzofuran,c1ccc2occc2c1,uses,uspto,5,Forms Aryl halide (new C-I bond),1,c1ccc2occc2c1.II>C1CCOC1.[Li][CH2]CCC>Ic1cc2ccccc2o1,US07468371B2,,,
benzofuran,c1ccc2occc2c1,makes,uspto,1,C-C bond broken,2,COC(=O)c1cc2cc([N+](=O)[O-])ccc2o1>CO.[Pd].O=S(=O)([O-])[O-].[Na+]>c1ccc2occc2c1,US07589200B2,,,
benzofuran,c1ccc2occc2c1,makes,uspto,2,Aryl halide → C-Br bond broken,1,Brc1cc2ccccc2o1>ClCCl.C1CCOC1.CCOCC.C[C@@H]1CC[C@H]2[C@@H](C)C(=O)O[C@@H]3O[C@]4(C)CC[C@@H]1[C@]32OO4.O=C=O>c1ccc2occc2c1,US08431611B2,,,
benzofuran,c1ccc2occc2c1,makes,uspto,3,Carboxylic acid → new C-C bond,1,c1cnc2ccoc2c1.CC(=O)O>BrBr>c1ccc2occc2c1,US06696439B1,,,
benzofuran,c1ccc2occc2c1,makes,uspto,4,Ester → new C-C bond,1,CCOC(C)=O.CCCCCC>>c1ccc2occc2c1,US07189718B2,,,
benzofuran,c1ccc2occc2c1,makes,uspto,5,Phenol + Ether → C-C bond broken,1,COC(=O)/C=C/c1cc(O)c2c(c1)C(C(=O)OC)C(c1ccc(O)c(O)c1)O2>CCO.CC(C)(C)O.O=Cc1ccco1.CCOC(=O)CCC(=O)OCC.CC(C)(C)[O-]>c1ccc2occc2c1,US07842713B2,,,
ethene,C=C,uses,uspto,1,Alkene → new C-C bond,13,Nc1ccc(F)cc1.C=C.CC(=O)O>[BH4-].[Na+].[OH-]>CC(C)Nc1ccc(F)cc1,US04453965,,,
ethene,C=C,uses,uspto,2,Alkene → Ketone,9,CC(=O)Cl.C=C.CC(C)C=O>ClCCCl.Cc1ccc(S(=O)(=O)O)cc1.O.[Cl-].[Al+3]>CC1(C)C=CC(=O)CC1,US05124486,,,
ethene,C=C,uses,uspto,3,New C-C bond,5,C1=CCCCCCC1.C=C>>C=CCCCCCCC=C,US04010217,,,
ethene,C=C,uses,uspto,4,Alkene → Ether,2,O=C1CCCC2OC12.C=C.CNCc1ccccc1.O>>CN(Cc1ccccc1)[C@@H]1CCCC2(OCCO2)[C@H]1O,US04359476,,,
ethene,C=C,uses,uspto,5,Alkene → new C-O bond,2,CP(=O)(O)CC[C@H](N)C(=O)O.[Cl-].C=C>CCO.ClP(Cl)Cl.[Cl-].[Al+3]>CCO[PH](=O)CCCCl,US08981142B2,,,
ethene,C=C,makes,,,(none),,,,,,
glycyl-L-alanyl-L-serine,C[C@H](NC(=O)CN)C(=O)N[C@@H](CO)C(=O)O,uses,,,(none),,,,,,
glycyl-L-alanyl-L-serine,C[C@H](NC(=O)CN)C(=O)N[C@@H](CO)C(=O)O,makes,,,(none),,,,,,
guanine,Nc1nc2nc[nH]c2c(=O)[nH]1,uses,uspto,1,New C-N bond,10,Nc1nc2nc[nH]c2c(=O)[nH]1.C1COCO1>C[Si](C)(C)N[Si](C)(C)C.C[Si](C)(C)OS(=O)(=O)C(F)(F)F>Nc1nc2c(ncn2COCCO)c(=O)[nH]1,US05567816,,,
guanine,Nc1nc2nc[nH]c2c(=O)[nH]1,uses,uspto,2,Aryl amine → Amide,5,Nc1nc2nc[nH]c2c(=O)[nH]1.CC(=O)O.CC(=O)OC(C)=O>>CC(=O)N(C(C)=O)c1nc2nc[nH]c2c(=O)[nH]1,US05583225,,,
guanine,Nc1nc2nc[nH]c2c(=O)[nH]1,uses,uspto,3,New C-C bond,3,Nc1nc2nc[nH]c2c(=O)[nH]1.FC(F)(F)I>O=S(=O)([O-])[O-].[Fe+2].CS(C)=O.O=S(=O)(O)O.OO>Nc1nc2nc(C(F)(F)F)[nH]c2c(=O)[nH]1,US07884202B2,,,
guanine,Nc1nc2nc[nH]c2c(=O)[nH]1,uses,uspto,4,Aryl amine → Imine + Aryl halide,2,BrP(Br)Br.CN(C)C=O.Nc1nc2nc[nH]c2c(=O)[nH]1>O.O=C([O-])O.[Na+]>CN(C)C=Nc1nc(Br)c2[nH]cnc2n1,US05389637,,,
guanine,Nc1nc2nc[nH]c2c(=O)[nH]1,uses,uspto,5,Aryl amine → Imine,1,Nc1nc2nc[nH]c2c(=O)[nH]1.CN(C)C=O>O=P(Cl)(Cl)Cl.O=C([O-])O.[Na+]>CN(C)C=Nc1nc2nc[nH]c2c(=O)[nH]1,US05389637,,,
guanine,Nc1nc2nc[nH]c2c(=O)[nH]1,makes,uspto,1,Aryl halide → new C-O bond,2,Nc1nc(Cl)c2nc[nH]c2n1.O>CO.CCN(CC)CC.Cc1ccc(S)c(C)c1>Nc1nc2nc[nH]c2c(=O)[nH]1,US07157448B2,,,
guanine,Nc1nc2nc[nH]c2c(=O)[nH]1,makes,uspto,2,Amide + Ether → Aryl amine,1,CC(=O)Nc1nc2ncnc-2c(OCc2ccccc2)[nH]1>CC#N.CC(=O)OC[C@H]1O[C@@H](OC(C)=O)[C@H](NC(=O)C(F)(F)F)[C@@H](OC(C)=O)[C@@H]1OC(C)=O.C[Si](C)(C)OS(=O)(=O)C(F)(F)F.O=C([O-])O.[Na+]>Nc1nc2nc[nH]c2c(=O)[nH]1,US05780607,,,
guanine,Nc1nc2nc[nH]c2c(=O)[nH]1,makes,uspto,3,Amide + Phenol + Aryl amine → new C-N bond,1,Nc1nc(N)c(NC=O)c(O)n1>O=S(=O)([O-])[O-]>Nc1nc2nc[nH]c2c(=O)[nH]1,US06242599B1,,,
guanine,Nc1nc2nc[nH]c2c(=O)[nH]1,makes,uspto,4,Aryl halide + Amide → new C-O bond,1,Nc1nc(Cl)c2nc[nH]c2n1.CN(C)C=O>[H-].[Na+]>Nc1nc2nc[nH]c2c(=O)[nH]1,US04495190,,,
guanine,Nc1nc2nc[nH]c2c(=O)[nH]1,makes,uspto,5,Aryl halide + Ether → new C-O bond,1,Nc1nc(Cl)c2nc[nH]c2n1.COc1ccc(S)c(C)c1>CO.CCN(CC)CC.O>Nc1nc2nc[nH]c2c(=O)[nH]1,US07157448B2,,,
lactose,OC[C@H]1O[C@@H](O[C@H]2[C@H](O)[C@@H](O)C(O)O[C@@H]2CO)[C@H](O)[C@@H](O)[C@H]1O,uses,uspto,1,Alcohol → Amine,2,OC[C@H]1O[C@@H](O[C@H]2[C@H](O)[C@@H](O)C(O)O[C@@H]2CO)[C@H](O)[C@@H](O)[C@H]1O.CCCCCCCCN>>CCCCCCCCNC1O[C@H](CO)[C@@H](O[C@@H]2O[C@H](CO)[C@H](O)[C@H](O)[C@H]2O)[C@H](O)[C@H]1O,US05539091,,,
lactose,OC[C@H]1O[C@@H](O[C@H]2[C@H](O)[C@@H](O)C(O)O[C@@H]2CO)[C@H](O)[C@@H](O)[C@H]1O,uses,uspto,2,Ether → Aldehyde + Alcohol,2,OC[C@H]1O[C@@H](O[C@H]2[C@H](O)[C@@H](O)C(O)O[C@@H]2CO)[C@H](O)[C@@H](O)[C@H]1O>CC(=O)[O-]>O=C[C@H](O)[C@@H](O)[C@H](O)[C@H](O)CO,US04465772,,,
lactose,OC[C@H]1O[C@@H](O[C@H]2[C@H](O)[C@@H](O)C(O)O[C@@H]2CO)[C@H](O)[C@@H](O)[C@H]1O,uses,uspto,3,Alcohol → Ether,1,OC[C@H]1O[C@@H](O[C@H]2[C@H](O)[C@@H](O)C(O)O[C@@H]2CO)[C@H](O)[C@@H](O)[C@H]1O.O=c1ccn([C@@H]2O[C@H](COP(=O)(O)OP(=O)(O)O[C@H]3O[C@H](CO)[C@H](O)[C@H](O)[C@H]3O)[C@@H](O)[C@H]2O)c(=O)[nH]1>C[As](C)(=O)[O-].[Na+].CCC(CC)COC(C(=O)N(C)CC[NH+](C)C)(c1ccccc1)c1ccccc1.[Cl-]>OC[C@H]1O[C@H](O[C@H]2[C@@H](O)[C@@H](CO)O[C@@H](O[C@H]3[C@H](O)[C@@H](O)C(O)O[C@@H]3CO)[C@@H]2O)[C@H](O)[C@@H](O)[C@H]1O,US05846943,,,
lactose,OC[C@H]1O[C@@H](O[C@H]2[C@H](O)[C@@H](O)C(O)O[C@@H]2CO)[C@H](O)[C@@H](O)[C@H]1O,uses,uspto,4,Alcohol → new C-N bond,1,OC[C@H]1O[C@@H](O[C@H]2[C@H](O)[C@@H](O)C(O)O[C@@H]2CO)[C@H](O)[C@@H](O)[C@H]1O.NC(N)=O>O.O=S(=O)(O)O>NC(=O)NC1O[C@H](CO)[C@@H](O[C@@H]2O[C@H](CO)[C@H](O)[C@H](O)[C@H]2O)[C@H](O)[C@H]1O,US04267314,,,
lactose,OC[C@H]1O[C@@H](O[C@H]2[C@H](O)[C@@H](O)C(O)O[C@@H]2CO)[C@H](O)[C@@H](O)[C@H]1O,uses,uspto,5,Ether → Alcohol,1,OC[C@H]1O[C@@H](O[C@H]2[C@H](O)[C@@H](O)C(O)O[C@@H]2CO)[C@H](O)[C@@H](O)[C@H]1O>CC(=O)N[C@H]1[C@@H](OP(=O)(O)OP(=O)(O)OC[C@H]2O[C@@H](n3ccc(=O)[nH]c3=O)[C@H](O)[C@@H]2O)O[C@H](CO)[C@@H](O)[C@@H]1O>OC[C@H]1OC(O)[C@H](O)[C@@H](O)[C@H]1O,US05736533,,,
lactose,OC[C@H]1O[C@@H](O[C@H]2[C@H](O)[C@@H](O)C(O)O[C@@H]2CO)[C@H](O)[C@@H](O)[C@H]1O,makes,uspto,1,Aldehyde + Alcohol → Ether,1,O=C[C@H](O)[C@@H](O)[C@H](O)[C@H](O)CO.O=C[C@H](O)[C@@H](O)[C@@H](O)[C@H](O)CO>O=C(CO)[C@@H](O)[C@H](O)[C@H](O)CO>OC[C@H]1O[C@@H](O[C@H]2[C@H](O)[C@@H](O)C(O)O[C@@H]2CO)[C@H](O)[C@@H](O)[C@H]1O,US05089401,,,
lactose,OC[C@H]1O[C@@H](O[C@H]2[C@H](O)[C@@H](O)C(O)O[C@@H]2CO)[C@H](O)[C@@H](O)[C@H]1O,makes,uspto,2,Aldehyde → Ether,1,O=C[C@@H](O)[C@@H](O)[C@H](O[C@@H]1O[C@H](CO)[C@H](O)[C@H](O)[C@H]1O)[C@H](O)CO>OC[C@H]1O[C@@H](O[C@@H]2[C@@H](CO)O[C@](O)(CO)[C@H]2O)[C@H](O)[C@@H](O)[C@H]1O.O>OC[C@H]1O[C@@H](O[C@H]2[C@H](O)[C@@H](O)C(O)O[C@@H]2CO)[C@H](O)[C@@H](O)[C@H]1O,US09175282B2,,,
methane ethane propane butane,C.CC.CCC.CCCC,uses,,,(none),,,,,,
methane ethane propane butane,C.CC.CCC.CCCC,makes,,,(none),,,,,,
methanesulfonic acid,CS(=O)(=O)O,uses,uspto,1,Sulfonic acid → new O-S bond,20,On1nnc2ccccc21.CS(=O)(=O)O>ClCCl.CCN(CC)CC.O=S(Cl)Cl>CS(=O)(=O)On1nnc2ccccc21,US04242507,,,
methanesulfonic acid,CS(=O)(=O)O,uses,uspto,2,Sulfonic acid → new C-O bond,11,CS(=O)(=O)O.COC(=O)[C@@H]1C[C@@H](O)CN1S(=O)(=O)c1ccccc1>CCOC(C)=O.Cc1ccccc1.c1ccc(P(c2ccccc2)c2ccccc2)cc1.CCN(CC)CC>COC(=O)[C@@H]1C[C@H](OS(C)(=O)=O)CN1S(=O)(=O)c1ccccc1,US07196112B2,,,
methanesulfonic acid,CS(=O)(=O)O,uses,uspto,3,Sulfonic acid → Sulfone,10,CS(=O)(=O)O.Fc1ccccc1F>O=S(Cl)Cl.O=S(=O)(O)C(F)(F)F>CS(=O)(=O)c1ccc(F)c(F)c1,US08188098B2,,,
methanesulfonic acid,CS(=O)(=O)O,uses,uspto,4,Sulfonic acid → new N-S bond,8,CS(=O)(=O)O.Nc1ccc(N)c(S(N)(=O)=O)c1>CC#N.c1ccncc1.CS(=O)(=O)Cl>CS(=O)(=O)Nc1ccc(N)c(S(N)(=O)=O)c1,US07939524B2,,,
methanesulfonic acid,CS(=O)(=O)O,uses,uspto,5,Sulfonic acid → Sulfoxide,2,CS(=O)(=O)O.CCCN(CCC)C1CCc2cccc(SC)c2C1>O.[O-][I+3]([O-])([O-])[O-].[Na+].[NH4+].[OH-]>CCCN(CCC)C1CCc2cccc(S(C)=O)c2C1,US05096908,,,
methanesulfonic acid,CS(=O)(=O)O,makes,,,(none),,,,,,
methanoic acid ethanoic acid,CC(=O)O.O=CO,uses,,,(none),,,,,,
methanoic acid ethanoic acid,CC(=O)O.O=CO,makes,,,(none),,,,,,
phenylboronic acid,OB(O)c1ccccc1,uses,uspto,1,New C-C bond,1476,OB(O)c1ccccc1.Brc1ccoc1>C1COCCO1.O.c1ccc([P](c2ccccc2)(c2ccccc2)[Pd]([P](c2ccccc2)(c2ccccc2)c2ccccc2)([P](c2ccccc2)(c2ccccc2)c2ccccc2)[P](c2ccccc2)(c2ccccc2)c2ccccc2)cc1.O=P([O-])([O-])[O-].[K+]>c1ccc(-c2ccoc2)cc1,US08912188B2,,,
phenylboronic acid,OB(O)c1ccccc1,uses,uspto,2,New C-N bond,76,OB(O)c1ccccc1.O=[N+]([O-])O>CC(=O)OC(C)=O.ClCCl.CCO>O=[N+]([O-])c1ccccc1B(O)O,US06943159B1,,,
phenylboronic acid,OB(O)c1ccccc1,uses,uspto,3,Forms Ether (new C-O bond),62,Cc1cc(Br)ccc1O.OB(O)c1ccccc1>CC#N.Clc1cc(Br)ccc1Oc1ccccc1.COC(=O)[C@H]1[C@H]2C[C@@H]3c4[nH]c5cc(OC)ccc5c4CCN3C[C@H]2C[C@@H](OC(=O)c2cc(OC)c(OC)c(OC)c2)[C@@H]1OC>Cc1cc(Br)ccc1Oc1ccccc1,US06713474B2,,,
phenylboronic acid,OB(O)c1ccccc1,uses,uspto,4,Forms Aryl amine (new C-N bond),36,OB(O)c1ccccc1.COCCN>ClCCl.CC(=O)[O-].[Cu+2]>COCCNc1ccccc1,US08895733B2,,,
phenylboronic acid,OB(O)c1ccccc1,uses,uspto,5,Forms Ketone (new C-C bond),3,CC(=O)Oc1cccc(C(=O)Cl)c1C.OB(O)c1ccccc1>[Cl][Pd][Cl].O.O=C([O-])[O-].[Na+].CC(C)=O>CC(=O)Oc1cccc(C(=O)c2ccccc2)c1C,US07259266B2,,,
phenylboronic acid,OB(O)c1ccccc1,makes,uspto,1,Aryl amine → C-N bond broken,1,Nc1cccc(B(O)O)c1>O=C(Cl)CCC(=O)Cl.O=C(Cl)CCCCC(=O)Cl.CC(C)COC(=O)OCC(C)C.O=C(Cl)COCCOCCOCC(=O)Cl.O=C(O)COCCOCCOCC(=O)O>OB(O)c1ccccc1,US05623055,,,
phenylboronic acid,OB(O)c1ccccc1,makes,uspto,2,Aryl halide → new C-B bond,1,CC(C)(C)OC(=O)N1CCCC1c1cnc(-c2ccc(Br)cc2)[nH]1.CC1(C)OB(B2OC(C)(C)C(C)(C)O2)OC1(C)C>C1COCCO1.CCOC(C)=O.c1ccc([P](c2ccccc2)(c2ccccc2)[Pd]([P](c2ccccc2)(c2ccccc2)c2ccccc2)([P](c2ccccc2)(c2ccccc2)c2ccccc2)[P](c2ccccc2)(c2ccccc2)c2ccccc2)cc1.CC(=O)[O-].[K+]>OB(O)c1ccccc1,US08273341B2,,,
phenylboronic acid,OB(O)c1ccccc1,makes,uspto,3,C-C bond broken,1,OB(O)c1cccc(CBr)c1>CC(C)=O.O=C([O-])[O-].[K+].O=C1c2cc(O)ccc2CCN1C1CCCC1>OB(O)c1ccccc1,US08748632B2,,,
phenylboronic acid,OB(O)c1ccccc1,makes,uspto,4,Ether → new C-C bond,1,C1CCOC1.[Li][CH](C)CC.COB(OC)OC>CCOC(C)=O.Cl>OB(O)c1ccccc1,US07846514B2,,,
phenylboronic acid,OB(O)c1ccccc1,makes,uspto,5,New C-B bond,1,CC(C)OB(OC(C)C)OC(C)C.CCCCCC>[Li][CH2]CCC.O>OB(O)c1ccccc1,US09067952B2,,,
pyridine,c1ccncc1,uses,uspto,1,New C-C bond,167,FC(F)(F)I.c1ccncc1>>FC(F)(F)c1ccccn1,US04172946,,,
pyridine,c1ccncc1,uses,uspto,2,New C-N bond,119,CCCl.c1ccncc1>>CC[n+]1ccccc1,US04115390,,,
pyridine,c1ccncc1,uses,uspto,3,Forms Amide (new C-N bond),84,O=C(O)c1ccsc1.c1ccncc1>CN(C)C=O.Cc1ccccc1.ClCCl.O=S(Cl)Cl.Cl>CCNC(=O)c1ccsc1,US05498630,,,
pyridine,c1ccncc1,uses,uspto,4,Forms Amine (new C-N bond),51,C=CC.c1ccncc1>CO.CC(=O)O.[O]=[Pt]=[O]>CC(C)N1CCCCC1,US07208602B2,,,
pyridine,c1ccncc1,uses,uspto,5,Forms Amine (new C-C bond),30,COc1ccc(C=O)cc1.O=S(=O)(Cl)Cl.c1ccncc1>>COc1ccc(CCCN)cc1Cl,US06660756B2,,,
pyridine,c1ccncc1,makes,,,(none),,,,,,
styrene,C=Cc1ccccc1,uses,uspto,1,New C-C bond,96,Ic1ccccc1.C=Cc1ccccc1>CC(=O)[O-].[Pd+2].O.CCCCN(CCCC)CCCC.CN(C)C=O>C(=C\c1ccccc1)/c1ccccc1,US06136157,,,
styrene,C=Cc1ccccc1,uses,uspto,2,Alkene → new C-C bond,47,C=Cc1ccccc1.CCOC(C)=O>CN(C)C=O.[O]=[Os](=[O])(=[O])=[O].O=S([O-])OO.[K+].O=S([O-])[O-]>O=C(O)c1ccccc1,US06787671B2,,,
styrene,C=Cc1ccccc1,uses,uspto,3,Alkene → new C-N bond,11,C=Cc1ccccc1.O=C=NS(=O)(=O)Cl>CCOCC.O.O=S([O-])[O-].[Na+].[OH-]>O=C1CC(c2ccccc2)N1,US05856311,,,
styrene,C=Cc1ccccc1,uses,uspto,4,Alkene → new C-Si bond,11,Cl[SiH2]Cl.C=Cc1ccccc1>c1ccc(P(c2ccccc2)c2ccccc2)cc1.[Cl-].[Rh]>Cl[SiH](Cl)CCc1ccccc1,US04242272,,,
styrene,C=Cc1ccccc1,uses,uspto,5,Alkene → Ether,7,C=Cc1ccccc1.O=C([O-])O>ClCCl.O.[Na+].OO>c1ccc(C2CO2)cc1,US06008387,,,
styrene,C=Cc1ccccc1,makes,uspto,1,C-C bond broken,8,C=C(C)c1ccccc1>CCC(C)=O.O=C1C=CC(=O)O1.CCOCC>C=Cc1ccccc1,US04740561,,,
styrene,C=Cc1ccccc1,makes,uspto,2,Forms Alkene (new C-C bond),5,c1ccc(-c2ccccn2)nc1>C=Cc1ccccc1.CCOC(=O)C(C)(C)Br.C=CC(=O)OC.C=C(C)C(=O)OC>C=Cc1ccccc1,US06538091B1,,,
styrene,C=Cc1ccccc1,makes,uspto,3,Forms Alkene (C-C bond broken),3,CC(C)c1ccccc1>O.C=Cc1ccccn1.[O-]O.NCCNCCNCCNCCN.[K]>C=Cc1ccccc1,US04070325,,,
styrene,C=Cc1ccccc1,makes,uspto,4,Alkyl halide → Alkene,2,CC(C)(Cl)c1ccccc1>[Cl][Ti]([Cl])([Cl])[Cl].CCCCCl.CC1CCCCC1.C=C(C)C.C=Cc1ccccc1>C=Cc1ccccc1,US08616255B2,,,
styrene,C=Cc1ccccc1,makes,uspto,5,Phenol → Alkene,2,CC(C)(c1ccccc1)c1cc(C(=O)O)c(O)c(-c2ccccc2)c1>[O-2].[Al+3].C=C(C)C(=O)OC.C=Cc1ccccc1>C=Cc1ccccc1,US04134847,,,
"trans-1,2-dimethylcyclohexane",C[C@@H]1CCCC[C@H]1C,uses,,,(none),,,,,,
"trans-1,2-dimethylcyclohexane",C[C@@H]1CCCC[C@H]1C,makes,,,(none),,,,,,
trichloromethane tetrachloromethane chloroethane bromoethane,CCBr.CCCl.ClC(Cl)(Cl)Cl.ClC(Cl)Cl,uses,,,(none),,,,,,
trichloromethane tetrachloromethane chloroethane bromoethane,CCBr.CCCl.ClC(Cl)(Cl)Cl.ClC(Cl)Cl,makes,,,(none),,,,,,
naproxen,COc1ccc2cc([C@H](C)C(=O)O)ccc2c1,uses,uspto,1,Carboxylic acid → Ester,22,COc1ccc2cc([C@H](C)C(=O)O)ccc2c1.OCCSCCO>ClCCl.Cl.CCN=C=NCCCN(C)C.CCOCC.CCCCCC>COc1ccc2cc([C@H](C)C(=O)OCCSCCO)ccc2c1,US07163958B2,,,
naproxen,COc1ccc2cc([C@H](C)C(=O)O)ccc2c1,uses,uspto,2,Carboxylic acid → Acyl halide,3,O=S(Cl)Cl.COc1ccc2cc([C@H](C)C(=O)O)ccc2c1>ClC(Cl)Cl.CN(C)C=O>COc1ccc2cc([C@H](C)C(=O)Cl)ccc2c1,US08076517B2,,,
naproxen,COc1ccc2cc([C@H](C)C(=O)O)ccc2c1,uses,uspto,3,Carboxylic acid → new C-O bond,2,CC(c1ccoc1)N(O)C(N)=O.COc1ccc2cc([C@H](C)C(=O)O)ccc2c1>ClCCl.C(=NC1CCCCC1)=NC1CCCCC1>COc1ccc2cc([C@H](C)C(=O)ON(C(N)=O)C(C)c3ccoc3)ccc2c1,US05516789,,,
naproxen,COc1ccc2cc([C@H](C)C(=O)O)ccc2c1,uses,uspto,4,Carboxylic acid removed,1,COc1ccc2cc([C@H](C)C(=O)O)ccc2c1>CO.[OH-].[Na+]>COc1ccc2cc([C@H](C)C(=O)[O-])ccc2c1,US04723033,,,
naproxen,COc1ccc2cc([C@H](C)C(=O)O)ccc2c1,uses,uspto,5,Carboxylic acid → Thioether,1,COc1ccc2cc([C@H](C)C(=O)O)ccc2c1.OCCCCS>ClCCl.Cl.CCN=C=NCCCN(C)C>COc1ccc2cc([C@H](C)C(=O)SCCCCO)ccc2c1,US07163958B2,,,
naproxen,COc1ccc2cc([C@H](C)C(=O)O)ccc2c1,makes,uspto,1,Aldehyde → Carboxylic acid,2,COc1ccc2cc([C@H](C)C=O)ccc2c1.[O-][n+]1ccccc1>CCOC(C)=O.CC(=O)O.CC(=O)OO>COc1ccc2cc([C@H](C)C(=O)O)ccc2c1,US05739385,,,
naproxen,COc1ccc2cc([C@H](C)C(=O)O)ccc2c1,makes,uspto,2,Aldehyde → new C-O bond,1,COc1ccc2cc([C@H](C)C=O)ccc2c1.CC(=O)O>CCOC(C)=O.Cc1cccc(C)n1.CC(=O)OO>COc1ccc2cc([C@H](C)C(=O)O)ccc2c1,US05739385,,,
naproxen,COc1ccc2cc([C@H](C)C(=O)O)ccc2c1,makes,uspto,3,Alkene removed,1,C=C(C(=O)O)c1ccc2cc(OC)ccc2c1>CCO.NC(C1CCCCC1)C1CCCCC1>COc1ccc2cc([C@H](C)C(=O)O)ccc2c1,US04766225,,,
naproxen,COc1ccc2cc([C@H](C)C(=O)O)ccc2c1,makes,uspto,4,Aryl halide → C-Br bond broken,1,COc1ccc2cc(C(C)C(=O)O)ccc2c1Br>ClC(Cl)Cl.Cc1cc(C)cc(C)c1.[Cl-].[Al+3].Cl>COc1ccc2cc([C@H](C)C(=O)O)ccc2c1,US05107013,,,
naproxen,COc1ccc2cc([C@H](C)C(=O)O)ccc2c1,makes,uspto,5,Aryl halide → C-Cl bond broken,1,COc1ccc2cc([C@H](C)C(=O)O)ccc2c1Cl>[OH-].[Na+].[Al].[Ni]>COc1ccc2cc([C@H](C)C(=O)O)ccc2c1,US04723033,,,
simvastatin,CCC(C)(C)C(=O)O[C@H]1C[C@@H](C)C=C2C=C[C@H](C)[C@H](CC[C@@H]3C[C@@H](O)CC(=O)O3)[C@H]21,uses,uspto,1,C-C bond broken,1,CCC(C)(C)C(=O)O[C@H]1C[C@@H](C)C=C2C=C[C@H](C)[C@H](CC[C@@H]3C[C@@H](O)CC(=O)O3)[C@H]21>CC[C@H](C)C(=O)O[C@H]1C[C@H](O)C=C2C=C[C@H](C)[C@H](CC[C@@H](O)C[C@@H](O)CC(=O)O)[C@H]21.CC(C)n1c(/C=C/[C@@H](O)C[C@@H](O)CC(=O)[O-])c(-c2ccc(F)cc2)c2ccccc21.[Na+]>CC[C@H](C)C(=O)O[C@H]1C[C@@H](C)C=C2C=C[C@H](C)[C@H](CC[C@@H]3C[C@@H](O)CC(=O)O3)[C@H]21,US07175854B2,,,
simvastatin,CCC(C)(C)C(=O)O[C@H]1C[C@@H](C)C=C2C=C[C@H](C)[C@H](CC[C@@H]3C[C@@H](O)CC(=O)O3)[C@H]21,uses,uspto,2,Ester → Alcohol,1,CCC(C)(C)C(=O)O[C@H]1C[C@@H](C)C=C2C=C[C@H](C)[C@H](CC[C@@H]3C[C@@H](O)CC(=O)O3)[C@H]21.[OH-].CC#N>O.CC(C)=O.[Na+].ClCCl>CCC(C)(C)C(=O)O[C@H]1C[C@@H](C)C=C2C=C[C@H](C)[C@H](CC[C@@H](O)C[C@@H](O)CC(=O)[O-])[C@H]21,US07163945B2,,,
simvastatin,CCC(C)(C)C(=O)O[C@H]1C[C@@H](C)C=C2C=C[C@H](C)[C@H](CC[C@@H]3C[C@@H](O)CC(=O)O3)[C@H]21,makes,uspto,1,Alcohol → Ester,2,CCC(C)(C)C(=O)O[C@H]1C[C@@H](C)C=C2C=C[C@H](C)[C@H](CC[C@@H](O)C[C@@H](O)CC(=O)[O-])[C@H]21.O>CC#N.[NH4+].O=S(=O)([O-])O.[K+]>CCC(C)(C)C(=O)O[C@H]1C[C@@H](C)C=C2C=C[C@H](C)[C@H](CC[C@@H]3C[C@@H](O)CC(=O)O3)[C@H]21,US07678927B2,,,
simvastatin,CCC(C)(C)C(=O)O[C@H]1C[C@@H](C)C=C2C=C[C@H](C)[C@H](CC[C@@H]3C[C@@H](O)CC(=O)O3)[C@H]21,makes,uspto,2,Amine → new C-C bond,1,C1CCNC1.CC[C@H](C)C(=O)O[C@H]1C[C@@H](C)C=C2C=C[C@H](C)[C@H](CC[C@@H]3C[C@@H](O)CC(=O)O3)[C@H]21>C1CCOC1.[Li][CH2]CCC.[O-]B([O-])c1ccccc1.CI>CCC(C)(C)C(=O)O[C@H]1C[C@@H](C)C=C2C=C[C@H](C)[C@H](CC[C@@H]3C[C@@H](O)CC(=O)O3)[C@H]21,US06307066B1,,,
sitagliptin,N[C@@H](CC(=O)N1CCn2c(nnc2C(F)(F)F)C1)Cc1cc(F)c(F)cc1F,uses,,,(none),,,,,,
sitagliptin,N[C@@H](CC(=O)N1CCn2c(nnc2C(F)(F)F)C1)Cc1cc(F)c(F)cc1F,makes,uspto,1,Alkene removed,1,N/C(=C\C(=O)N1CCn2c(nnc2C(F)(F)F)C1)Cc1cc(F)c(F)cc1F>OCC(F)(F)F>N[C@@H](CC(=O)N1CCn2c(nnc2C(F)(F)F)C1)Cc1cc(F)c(F)cc1F,US07495123B2,,,
sitagliptin,N[C@@H](CC(=O)N1CCn2c(nnc2C(F)(F)F)C1)Cc1cc(F)c(F)cc1F,makes,uspto,2,Amine → C-N bond broken,1,C[C@@H](N[C@@H](CC(=O)N1CCn2c(nnc2C(F)(F)F)C1)Cc1cc(F)c(F)cc1F)c1ccccc1>CO.[Pd].CC(=O)O.[H][H].O=P(O)(O)O>N[C@@H](CC(=O)N1CCn2c(nnc2C(F)(F)F)C1)Cc1cc(F)c(F)cc1F,US08471016B2,,,
lisinopril,NCCCC[C@H](N[C@@H](CCc1ccccc1)C(=O)O)C(=O)N1CCC[C@H]1C(=O)O,uses,uspto,1,Forms Amine (new C-N bond),3,NCCCC[C@H](N[C@@H](CCc1ccccc1)C(=O)O)C(=O)N1CCC[C@H]1C(=O)O.NC(=O)CCl>O.CCO.CCN(CC)CC>NC(=O)CNCCCC[C@H](N[C@@H](CCc1ccccc1)C(=O)O)C(=O)N1CCC[C@H]1C(=O)O,US04555503,,,
lisinopril,NCCCC[C@H](N[C@@H](CCc1ccccc1)C(=O)O)C(=O)N1CCC[C@H]1C(=O)O,makes,uspto,1,Ester + Amide → Carboxylic acid + Amine,1,CCOC(=O)C(CCC1CCCCC1)N[C@@H](CCCCNC(=O)C(F)(F)F)C(=O)N1CCC[C@H]1C(=O)O>CCO.O.N#N.CCOC(=O)C(CC(=O)c1ccccc1)N[C@@H](CCCCNC(=O)C(F)(F)F)C(=O)N1CCC[C@H]1C(=O)O.O=S(=O)(O)O>NCCCC[C@H](N[C@@H](CCc1ccccc1)C(=O)O)C(=O)N1CCC[C@H]1C(=O)O,US06118010,,,
amlodipine,CCOC(=O)C1=C(COCCN)NC(C)=C(C(=O)OC)C1c1ccccc1Cl,uses,uspto,1,Amine → Amide,6,CCOC(=O)C1=C(COCCN)NC(C)=C(C(=O)OC)C1c1ccccc1Cl.O=C(Cl)N1CCNC1=O>ClC(Cl)Cl.CCN(CC)CC>CCOC(=O)C1=C(COCCNC(=O)N2CCNC2=O)NC(C)=C(C(=O)OC)C1c1ccccc1Cl,US04590195,,,
amlodipine,CCOC(=O)C1=C(COCCN)NC(C)=C(C(=O)OC)C1c1ccccc1Cl,uses,uspto,2,New N-S bond,4,CCOC(=O)C1=C(COCCN)NC(C)=C(C(=O)OC)C1c1ccccc1Cl.NS(N)(=O)=O>C1COCCO1>CCOC(=O)C1=C(COCCNS(N)(=O)=O)NC(C)=C(C(=O)OC)C1c1ccccc1Cl,US04590195,,,
amlodipine,CCOC(=O)C1=C(COCCN)NC(C)=C(C(=O)OC)C1c1ccccc1Cl,uses,uspto,3,Forms Amine (new C-N bond),2,CCOC(=O)C1=C(COCCN)NC(C)=C(C(=O)OC)C1c1ccccc1Cl.S=C=NCCCl>ClCCl.CCN(CC)CC>CCOC(=O)C1=C(COCCNC2=NCCS2)NC(C)=C(C(=O)OC)C1c1ccccc1Cl,US04572908,,,
amlodipine,CCOC(=O)C1=C(COCCN)NC(C)=C(C(=O)OC)C1c1ccccc1Cl,uses,uspto,4,Amine → Aryl amine,1,CCOC(=O)C1=C(COCCN)NC(C)=C(C(=O)OC)C1c1ccccc1Cl.CSc1nccc(=O)[nH]1>CCO>CCOC(=O)C1=C(COCCNc2nccc(=O)[nH]2)NC(C)=C(C(=O)OC)C1c1ccccc1Cl,US04572908,,,
amlodipine,CCOC(=O)C1=C(COCCN)NC(C)=C(C(=O)OC)C1c1ccccc1Cl,makes,uspto,1,Amide → Amine,1,CCOC(=O)C1=C(COCCN2C(=O)c3ccccc3C2=O)NC(C)=C(C(=O)OC)C1c1ccccc1Cl>CN>CCOC(=O)C1=C(COCCN)NC(C)=C(C(=O)OC)C1c1ccccc1Cl,US06784297B2,,,
amlodipine,CCOC(=O)C1=C(COCCN)NC(C)=C(C(=O)OC)C1c1ccccc1Cl,makes,uspto,2,Imine → Amine,1,CCOC(=O)C1=C(COCC=NO)NC(C)=C(C(=O)OC)C1c1ccccc1Cl>CO.[OH-].[Pd+2].O=C[O-].[NH4+]>CCOC(=O)C1=C(COCCN)NC(C)=C(C(=O)OC)C1c1ccccc1Cl,US05723618,,,
warfarin,CC(=O)CC(c1ccccc1)c1c(O)c2ccccc2oc1=O,uses,uspto,1,Ketone → Alcohol,1,CC(=O)CC(c1ccccc1)c1c(O)c2ccccc2oc1=O>CCOCC.[H-].[Al+3].[Li+].O>CC(O)CC(c1ccccc1)c1c(O)c2ccccc2oc1=O,US05686486,,,
warfarin,CC(=O)CC(c1ccccc1)c1c(O)c2ccccc2oc1=O,uses,uspto,2,Phenol removed,1,CC(=O)CC(c1ccccc1)c1c(O)c2ccccc2oc1=O>O.O=C([O-])[O-].[Na+].CC(C)=O.CCC(C)=O>CC(=O)CC(c1ccccc1)c1c([O-])c2ccccc2oc1=O,US06512005B2,,,
warfarin,CC(=O)CC(c1ccccc1)c1c(O)c2ccccc2oc1=O,uses,uspto,3,Phenol → Ester,1,CC(=O)CC(c1ccccc1)c1c(O)c2ccccc2oc1=O.CCCCCCCC/C=C/CCCCCCCC(=O)Cl>C1COCCO1.c1ccncc1>CCCCCCCC/C=C/CCCCCCCC(=O)Oc1c(C(CC(C)=O)c2ccccc2)c(=O)oc2ccccc12,US06762175B2,,,
warfarin,CC(=O)CC(c1ccccc1)c1c(O)c2ccccc2oc1=O,makes,uspto,1,Alcohol + Ether → Ketone + Phenol,1,CC[C@H](C)[C@H](N)C1=N[C@H](C(=O)N[C@@H](CC(C)C)C(=O)N[C@H](CCC(=O)O)C(=O)N[C@H](C(=O)N[C@H]2CCCCNC(=O)[C@H](CC(N)=O)NC(=O)[C@@H](CC(=O)O)NC(=O)[C@H](Cc3cnc[nH]3)NC(=O)[C@@H](Cc3ccccc3)NC(=O)[C@H]([C@@H](C)CC)NC(=O)[C@@H](CCCN)NC2=O)[C@@H](C)CC)CS1.CC[C@H]1OC(=O)[C@H](C)[C@@H](O[C@H]2C[C@@](C)(OC)[C@@H](O)[C@H](C)O2)[C@H](C)[C@@H](O[C@@H]2O[C@H](C)C[C@H](N(C)C)[C@H]2O)[C@](C)(O)C[C@@H](C)C(=O)[C@H](C)[C@@H](O)[C@]1(C)O.CC(=O)O[C@H]1C[C@@]2(C)[C@@H](C[C@@H](O)[C@H]3[C@@]4(C)CC[C@@H](O)[C@@H](C)[C@@H]4CC[C@@]32C)/C1=C(\CCC=C(C)C)C(=O)O>>CC(=O)CC(c1ccccc1)c1c(O)c2ccccc2oc1=O,US06054711,,,
clopidogrel,COC(=O)[C@H](c1ccccc1Cl)N1CCc2sccc2C1,uses,uspto,1,Ester → Alcohol,1,COC(=O)[C@H](c1ccccc1Cl)N1CCc2sccc2C1>CCOCC.CCOC(C)=O.COC(C)(C)C.[H-].[Al+3]>OCC(c1ccccc1Cl)N1CCc2sccc2C1,US08349833B2,,,
clopidogrel,COC(=O)[C@H](c1ccccc1Cl)N1CCc2sccc2C1,makes,uspto,1,Alcohol → C-O bond broken,2,COC(=O)C(c1ccccc1Cl)N1Cc2ccsc2C(O)C1>CC(=O)O.Cl>COC(=O)[C@H](c1ccccc1Cl)N1CCc2sccc2C1,US06495691B1,,,
clopidogrel,COC(=O)[C@H](c1ccccc1Cl)N1CCc2sccc2C1,makes,uspto,2,Amide → Ester,2,NC(=O)C(c1ccccc1Cl)N1CCc2sccc2C1.O=C([O-])[O-]>CO.O=S(=O)(O)O.[Na+]>COC(=O)[C@H](c1ccccc1Cl)N1CCc2sccc2C1,US06635763B2,,,
clopidogrel,COC(=O)[C@H](c1ccccc1Cl)N1CCc2sccc2C1,makes,uspto,3,Alcohol + Amide → Ester,1,CO.NC(=O)[C@H](c1ccccc1Cl)N1CCc2sccc2C1>ClCCl.O.O=S(=O)(O)O.COS(=O)(=O)OC>COC(=O)[C@H](c1ccccc1Cl)N1CCc2sccc2C1,US07897613B2,,,
clopidogrel,COC(=O)[C@H](c1ccccc1Cl)N1CCc2sccc2C1,makes,uspto,4,Alkyl halide + Alkene → Amine + Aryl halide,1,c1cc2c(s1)CCNC2.O=C([O-])[O-].CC(=O)OC1(Br)C=CC=C(C)C1Cl.CC(Cl)Cl>O.Cl.[Na+]>COC(=O)[C@H](c1ccccc1Cl)N1CCc2sccc2C1,US07629465B2,,,
clopidogrel,COC(=O)[C@H](c1ccccc1Cl)N1CCc2sccc2C1,makes,uspto,5,Alkyl halide → Amine,1,BrCCc1sccc1CBr.COC(=O)[C@@H](N)c1ccccc1Cl>CC#N.CCOC(C)=O.Cl.CCN(C(C)C)C(C)C.CCCCCC>COC(=O)[C@H](c1ccccc1Cl)N1CCc2sccc2C1,US07449580B2,,,
apixaban,COc1ccc(-n2nc(C(N)=O)c3c2C(=O)N(c2ccc(N4CCCCC4=O)cc2)CC3)cc1,uses,,,(none),,,,,,
apixaban,COc1ccc(-n2nc(C(N)=O)c3c2C(=O)N(c2ccc(N4CCCCC4=O)cc2)CC3)cc1,makes,uspto,1,Carboxylic acid + Amine → Amide,1,COc1ccc(-n2nc(C(=O)O)c3c2C(=O)N(c2ccc(N4CCCCC4=O)cc2)CC3)cc1.CCN(CC)CC>CCOC(C)=O.CC(C)COC(=O)Cl.[OH-].[NH4+]>COc1ccc(-n2nc(C(N)=O)c3c2C(=O)N(c2ccc(N4CCCCC4=O)cc2)CC3)cc1,US06919451B2,,,
apixaban,COc1ccc(-n2nc(C(N)=O)c3c2C(=O)N(c2ccc(N4CCCCC4=O)cc2)CC3)cc1,makes,uspto,2,Ester → new C-N bond,1,CCOC(=O)c1nn(-c2ccc(OC)cc2)c2c1CCN(c1ccc(N3CCCCC3=O)cc1)C2=O.NC=O>CN(C)C=O.CO.C[O][Na].O>COc1ccc(-n2nc(C(N)=O)c3c2C(=O)N(c2ccc(N4CCCCC4=O)cc2)CC3)cc1,US06919451B2,,,
loratadine,CCOC(=O)N1CCC(=C2c3ccc(Cl)cc3CCc3cccnc32)CC1,uses,uspto,1,Amide → Amine,1,CCOC(=O)N1CCC(=C2c3ccc(Cl)cc3CCc3cccnc32)CC1>ClC(Cl)Cl.C[Si](C)(C)I.Cl.[OH-].[Na+]>Clc1ccc2c(c1)CCc1cccnc1C2=C1CCNCC1,US05407941,,,
loratadine,CCOC(=O)N1CCC(=C2c3ccc(Cl)cc3CCc3cccnc32)CC1,uses,uspto,2,New N-O bond,1,CCOC(=O)N1CCC(=C2c3ccc(Cl)cc3CCc3cccnc32)CC1.O=C(O)c1cccc(Cl)c1>ClCl.ClCCl>CCOC(=O)N1CCC(=C2c3ccc(Cl)cc3CCc3ccc[n+]([O-])c32)CC1,US05714609,,,
loratadine,CCOC(=O)N1CCC(=C2c3ccc(Cl)cc3CCc3cccnc32)CC1,makes,uspto,1,Acyl halide + Amine → Amide,1,CCOC(=O)Cl.CN1CCC(=C2c3ccc(Cl)cc3CCc3cccnc32)CC1>Cc1ccccc1>CCOC(=O)N1CCC(=C2c3ccc(Cl)cc3CCc3cccnc32)CC1,US04863931,,,
loratadine,CCOC(=O)N1CCC(=C2c3ccc(Cl)cc3CCc3cccnc32)CC1,makes,uspto,2,Ketone → Alkene,1,CCOC(=O)N1CCC(C(=O)c2ncccc2CCc2cccc(Cl)c2)CC1>O=S(=O)(O)C(F)(F)F.O.Cl.CCOC(=O)Cl.O=C([O-])[O-]>CCOC(=O)N1CCC(=C2c3ccc(Cl)cc3CCc3cccnc32)CC1,US04873335,,,
alprazolam,Cc1nnc2n1-c1ccc(Cl)cc1C(c1ccccc1)=NC2,uses,uspto,1,New C-C bond,2,Cc1nnc2n1-c1ccc(Cl)cc1C(c1ccccc1)=NC2.CN(C)CN(C)C>CN(C)C=O.CCO.CC(=O)Cl.O=C([O-])O.[Na+]>CN(C)CCc1nnc2n1-c1ccc(Cl)cc1C(c1ccccc1)=NC2,US04075221,,,
alprazolam,Cc1nnc2n1-c1ccc(Cl)cc1C(c1ccccc1)=NC2,makes,uspto,1,Amine + Imine + Ether → new C-N bond,2,NNC1=Nc2ccc(Cl)cc2C(c2ccccc2)=NC1.CCOC(C)=N>ClC(Cl)Cl.Cl.O=C([O-])O.[Na+]>Cc1nnc2n1-c1ccc(Cl)cc1C(c1ccccc1)=NC2,US04116956,,,
alprazolam,Cc1nnc2n1-c1ccc(Cl)cc1C(c1ccccc1)=NC2,makes,uspto,2,Amine + Imine → new C-N bond,2,NNC1=Nc2ccc(Cl)cc2C(c2ccccc2)=NC1.CC(=N)N>O.Cl.Cc1ncc[nH]1>Cc1nnc2n1-c1ccc(Cl)cc1C(c1ccccc1)=NC2,US04116956,,,
alprazolam,Cc1nnc2n1-c1ccc(Cl)cc1C(c1ccccc1)=NC2,makes,uspto,3,Amide + Amine + Imine → new C-N bond,1,CC(=O)NNC1=Nc2ccc(Cl)cc2C(c2ccccc2)=NC1>c1ccncc1>Cc1nnc2n1-c1ccc(Cl)cc1C(c1ccccc1)=NC2,US04116956,,,
alprazolam,Cc1nnc2n1-c1ccc(Cl)cc1C(c1ccccc1)=NC2,makes,uspto,4,Amide + Amine → new C-N bond,1,CC(=O)NNC1C=NC(c2ccccc2)=c2cc(Cl)ccc2=N1>O.Cc1ccccc1.Cc1ccc(S(=O)(=O)O)cc1>Cc1nnc2n1-c1ccc(Cl)cc1C(c1ccccc1)=NC2,US08106189B2,,,
alprazolam,Cc1nnc2n1-c1ccc(Cl)cc1C(c1ccccc1)=NC2,makes,uspto,5,Ketone + Alkyl halide → Imine,1,Cc1nnc(CBr)n1-c1ccc(Cl)cc1C(=O)c1ccccc1.N>C1CCOC1.CO>Cc1nnc2n1-c1ccc(Cl)cc1C(c1ccccc1)=NC2,US04000151,,,
